Time (sec), Avg. Response Time (us)
1,10978.333333333334
2,11211.0
3,12583.0
4,10907.333333333334
5,11374.666666666666
6,11396.666666666666
7,11869.666666666666
8,12284.333333333334
9,12379.0
10,11863.333333333334
11,10971.333333333334
12,11119.666666666666
13,15360.333333333334
14,15414.666666666666
15,12440.333333333334
16,10942.333333333334
17,11748.333333333334
18,14884.333333333334
19,13156.666666666666
20,11727.333333333334
21,14993.666666666666
22,11173.0
23,10729.0
24,11106.333333333334
25,10607.0
26,13006.0
27,13499.0
28,11582.0
29,11381.666666666666
30,11358.0
31,10625.333333333334
32,11307.0
33,11175.333333333334
34,14109.333333333334
35,14948.333333333334
36,13314.666666666666
37,10632.0
38,11086.666666666666
39,10715.0
40,10497.0
41,11182.333333333334
42,11641.666666666666
43,11656.0
44,12183.333333333334
45,11119.666666666666
46,11846.0
47,11899.0
48,11488.666666666666
49,12408.0
50,12880.666666666666
51,15316.666666666666
52,13209.666666666666
53,11508.666666666666
54,11776.666666666666
55,12240.333333333334
56,11858.0
57,10814.0
58,11108.0
59,10776.0
60,10536.0
61,12635.666666666666
62,14083.666666666666
63,11945.333333333334
64,13123.0
65,11524.0
66,11370.333333333334
67,12281.333333333334
68,13813.333333333334
69,12565.0
70,11852.0
71,10826.333333333334
72,10057.0
73,11614.0
74,11725.333333333334
75,11375.0
76,11766.0
77,11039.333333333334
78,10755.0
79,11502.0
80,11681.333333333334
81,12992.0
82,12453.666666666666
83,10925.0
84,10791.666666666666
85,11095.0
86,11044.666666666666
87,11168.0
88,10854.0
89,12121.333333333334
90,11873.666666666666
91,13821.666666666666
92,14740.666666666666
93,10871.666666666666
94,10766.666666666666
95,10854.333333333334
96,11125.333333333334
97,11112.333333333334
98,12877.333333333334
99,13432.666666666666
100,11062.0
101,12178.0
102,14078.666666666666
103,16083.0
104,12028.666666666666
105,12959.333333333334
106,16624.0
107,11952.333333333334
108,12791.333333333334
109,12687.333333333334
110,11398.333333333334
111,11949.333333333334
112,12151.0
113,11696.0
114,11382.333333333334
115,11206.333333333334
116,11095.333333333334
117,10953.666666666666
118,11189.333333333334
119,12119.333333333334
120,13040.0
121,10683.333333333334
122,10653.333333333334
123,12431.0
124,10738.666666666666
125,10770.666666666666
126,11511.666666666666
127,10572.333333333334
128,11156.0
129,13286.0
130,13821.0
131,13326.0
132,11909.333333333334
133,11456.333333333334
134,10367.0
135,11652.0
136,10539.0
137,14003.0
138,16365.666666666666
139,14475.0
140,11226.333333333334
141,12388.666666666666
142,11560.0
143,11160.333333333334
144,11809.0
145,11429.666666666666
146,11582.666666666666
147,13443.333333333334
148,11296.0
149,11915.333333333334
150,11143.0
151,10149.333333333334
152,10545.333333333334
153,12689.666666666666
154,13486.333333333334
155,11693.666666666666
156,12034.0
157,13116.0
158,12851.333333333334
159,12861.666666666666
160,13277.333333333334
161,14648.0
162,11185.0
163,11327.0
164,11005.333333333334
165,11325.0
166,11875.666666666666
167,10078.333333333334
168,12291.333333333334
169,14638.0
170,12198.666666666666
171,12232.333333333334
172,12137.0
173,11813.333333333334
174,11331.333333333334
175,11826.666666666666
176,11217.0
177,11296.333333333334
178,11069.666666666666
179,11205.0
180,10968.666666666666
181,10904.666666666666
182,11311.333333333334
183,11791.666666666666
184,11582.0
185,11579.0
186,12680.333333333334
187,14266.333333333334
188,13590.333333333334
189,12144.666666666666
190,10645.333333333334
191,11310.666666666666
192,12120.0
193,12129.666666666666
194,11318.0
195,10603.666666666666
196,12362.0
197,13736.0
198,13685.0
199,13411.333333333334
200,15211.666666666666
201,13103.0
202,11295.0
203,11658.666666666666
204,11293.333333333334
205,11086.666666666666
206,11350.666666666666
207,11007.666666666666
208,11918.666666666666
209,12562.666666666666
210,13499.333333333334
211,13835.333333333334
212,12339.666666666666
213,12199.333333333334
214,12001.666666666666
215,11733.333333333334
216,12016.333333333334
217,12013.333333333334
218,11560.333333333334
219,11120.0
220,11223.333333333334
221,11230.666666666666
222,11555.666666666666
223,11997.666666666666
224,14248.333333333334
225,12443.666666666666
226,10564.333333333334
227,11239.0
228,11258.0
229,11603.666666666666
230,12047.333333333334
231,13116.666666666666
232,15772.666666666666
233,15755.666666666666
234,12194.333333333334
235,11181.333333333334
236,10979.333333333334
237,11419.333333333334
238,9880.666666666666
239,10462.0
240,11683.666666666666
241,10862.0
242,10915.666666666666
243,11256.666666666666
244,12100.666666666666
245,11792.333333333334
246,11530.333333333334
247,11937.333333333334
248,12480.0
249,12739.666666666666
250,12549.333333333334
251,11712.0
252,11112.0
253,11750.666666666666
254,11139.0
255,11398.333333333334
256,10733.666666666666
257,11269.666666666666
258,11061.0
259,11901.333333333334
260,11918.333333333334
261,12084.333333333334
262,12890.666666666666
263,12759.0
264,12165.333333333334
265,10764.0
266,9864.666666666666
267,9962.666666666666
268,10713.0
269,10881.0
270,11033.333333333334
271,10946.666666666666
272,10383.666666666666
273,12008.0
274,12232.666666666666
275,12613.666666666666
276,10350.666666666666
277,10943.666666666666
278,10413.0
279,11743.333333333334
280,12190.666666666666
281,12737.0
282,13096.0
283,11953.666666666666
284,11126.666666666666
285,11154.333333333334
286,11011.0
287,10734.333333333334
288,10883.0
289,10340.0
290,10179.666666666666
291,13488.666666666666
292,14148.0
293,11109.666666666666
294,11330.666666666666
295,10757.0
296,11901.666666666666
297,11739.666666666666
298,12487.0
299,11977.666666666666
300,12364.0
301,13460.666666666666
302,12523.333333333334
303,11595.666666666666
304,11162.0
305,11068.0
306,10952.666666666666
307,12165.333333333334
308,11261.333333333334
309,11144.0
310,10371.0
311,10033.333333333334
312,11366.0
313,11508.0
314,16552.333333333332
315,14357.0
316,12603.666666666666
317,10901.0
318,10957.666666666666
319,10519.666666666666
320,10855.666666666666
321,11316.0
322,11075.333333333334
323,10576.333333333334
324,10454.0
325,11451.666666666666
326,11347.0
327,11355.333333333334
328,11457.333333333334
329,11237.0
330,10888.0
331,11792.0
332,11367.0
333,10934.0
334,10877.333333333334
335,10985.0
336,11578.0
337,11388.333333333334
338,11720.0
339,10978.333333333334
340,11730.333333333334
341,12105.0
342,12044.0
343,12344.666666666666
344,11987.0
345,11773.333333333334
346,12080.0
347,12262.333333333334
348,14878.0
349,13847.333333333334
350,12483.0
351,12466.333333333334
352,11821.0
353,11057.0
354,11906.333333333334
355,11163.0
356,11624.333333333334
357,11284.666666666666
358,11049.333333333334
359,13940.0
360,12542.666666666666
361,11295.333333333334
362,11296.666666666666
363,14811.666666666666
364,12829.666666666666
365,11280.333333333334
366,12364.666666666666
367,15368.666666666666
368,12719.666666666666
369,10767.0
370,10982.0
371,11564.666666666666
372,13145.666666666666
373,12061.333333333334
374,11656.666666666666
375,11521.666666666666
376,11269.0
377,13216.333333333334
378,13465.666666666666
379,16345.333333333334
380,13674.0
381,11999.0
382,11571.333333333334
383,12572.333333333334
384,12176.0
385,11043.666666666666
386,11599.0
387,12167.0
388,11842.0
389,11052.333333333334
390,11168.0
391,12235.0
392,12898.0
393,11759.0
394,12816.0
395,11634.333333333334
396,11790.0
397,12112.0
398,13048.333333333334
399,13108.333333333334
400,12716.333333333334
401,13028.0
402,11829.333333333334
403,12491.0
404,12588.666666666666
405,13268.0
406,12336.0
407,11056.0
408,11320.0
409,11225.0
410,11840.666666666666
411,13572.0
412,13555.333333333334
413,11238.666666666666
414,11366.0
415,11706.333333333334
416,11175.0
417,12126.666666666666
418,11405.333333333334
419,11898.0
420,11529.333333333334
421,11555.333333333334
422,12041.666666666666
423,13106.333333333334
424,13391.0
425,12349.666666666666
426,11798.666666666666
427,11579.666666666666
428,10699.0
429,10135.0
430,10753.666666666666
431,11534.666666666666
432,11214.0
433,11443.666666666666
434,11407.666666666666
435,11445.333333333334
436,11692.666666666666
437,12308.333333333334
438,11316.333333333334
439,11028.666666666666
440,11126.0
441,10670.333333333334
442,10541.333333333334
443,11623.666666666666
444,12614.333333333334
445,11405.666666666666
446,11138.333333333334
447,11122.0
448,10934.0
449,10361.333333333334
450,10494.0
451,10869.666666666666
452,10906.666666666666
453,11248.0
454,10212.666666666666
455,12163.333333333334
456,12377.666666666666
457,12383.666666666666
458,11452.0
459,11935.666666666666
460,12655.0
461,10992.333333333334
462,9925.0
463,10461.0
464,11096.0
465,10387.0
466,11238.333333333334
467,12037.666666666666
468,11744.666666666666
469,12019.0
470,14900.333333333334
471,14383.333333333334
472,13424.0
473,16246.666666666666
474,14213.333333333334
475,10481.333333333334
476,10615.0
477,11131.0
478,11580.333333333334
479,11217.333333333334
480,11459.666666666666
481,11482.0
482,12563.333333333334
483,11632.0
484,11785.666666666666
485,15204.666666666666
486,13242.0
487,10943.666666666666
488,11216.666666666666
489,11567.666666666666
490,12207.333333333334
491,11164.666666666666
492,12156.666666666666
493,12580.333333333334
494,11824.333333333334
495,11994.333333333334
496,11549.0
497,11847.0
498,11282.333333333334
499,12320.0
500,11570.666666666666
501,11304.333333333334
502,11109.666666666666
503,11028.666666666666
504,10610.0
505,10683.333333333334
506,12222.666666666666
507,11814.0
508,11514.0
509,11656.0
510,10886.333333333334
511,12245.666666666666
512,12909.333333333334
513,11391.333333333334
514,13093.0
515,13287.0
516,9951.0
517,10758.333333333334
518,11278.333333333334
519,14399.333333333334
520,12764.333333333334
521,11372.666666666666
522,10849.666666666666
523,11466.666666666666
524,11147.0
525,12292.333333333334
526,12119.333333333334
527,11696.0
528,11348.0
529,12027.0
530,12395.0
531,12209.333333333334
532,12155.333333333334
533,11750.666666666666
534,10879.333333333334
535,11647.333333333334
536,11760.333333333334
537,10969.0
538,11723.333333333334
539,11460.333333333334
540,12833.666666666666
541,12927.333333333334
542,11663.333333333334
543,10954.666666666666
544,12246.0
545,12306.333333333334
546,11086.333333333334
547,11971.333333333334
548,13197.666666666666
549,21447.0
550,16555.333333333332
551,13647.0
552,10668.666666666666
553,10947.666666666666
554,11414.666666666666
555,11575.333333333334
556,12412.666666666666
557,11553.333333333334
558,15192.333333333334
559,13217.0
560,13548.666666666666
561,12947.333333333334
562,13806.666666666666
563,12294.333333333334
564,11115.0
565,10918.333333333334
566,10572.0
567,11135.333333333334
568,11944.0
569,13514.666666666666
570,13067.666666666666
571,13874.666666666666
572,12611.0
573,13229.666666666666
574,12064.333333333334
575,11041.333333333334
576,11361.333333333334
577,13277.666666666666
578,14194.666666666666
579,12681.333333333334
580,13589.0
581,12488.0
582,14471.0
583,15508.333333333334
584,13662.0
585,11604.666666666666
586,10789.0
587,11258.333333333334
588,12258.666666666666
589,13129.666666666666
590,19568.0
591,14839.666666666666
592,11972.333333333334
593,11774.666666666666
594,10798.333333333334
595,10876.333333333334
596,10716.0
597,11250.0
598,12561.333333333334
599,11549.666666666666
600,11508.0
601,11069.666666666666
602,12307.666666666666
603,12639.666666666666
604,11259.666666666666
605,12683.333333333334
606,12370.0
607,11829.666666666666
608,13060.333333333334
609,12246.666666666666
610,12266.333333333334
611,11068.666666666666
612,10884.0
613,10878.0
614,12131.0
615,11740.666666666666
616,10920.333333333334
617,11392.333333333334
618,11240.333333333334
619,12445.333333333334
620,12739.0
621,11058.666666666666
622,11837.333333333334
623,11107.666666666666
624,12190.0
625,13696.0
626,15673.0
627,14949.666666666666
628,12045.666666666666
629,11068.666666666666
630,10642.333333333334
631,10937.333333333334
632,13786.333333333334
633,14639.0
634,13783.333333333334
635,11478.666666666666
636,11895.0
637,10812.333333333334
638,11209.333333333334
639,11548.333333333334
640,12985.0
641,12423.333333333334
642,11434.333333333334
643,12095.333333333334
644,11613.333333333334
645,11390.333333333334
646,13681.333333333334
647,15302.0
648,11759.333333333334
649,11169.666666666666
650,11554.333333333334
651,11119.0
652,10871.333333333334
653,12006.666666666666
654,11673.0
655,11243.333333333334
656,11850.0
657,11468.0
658,11076.333333333334
659,10886.0
660,14156.333333333334
661,14422.666666666666
662,14703.0
663,11635.0
664,10883.0
665,11227.0
666,11174.333333333334
667,11395.333333333334
668,11194.333333333334
669,11310.0
670,12138.333333333334
671,12900.0
672,12500.666666666666
673,12370.666666666666
674,12829.666666666666
675,11855.0
676,11100.666666666666
677,10762.666666666666
678,11103.0
679,13117.0
680,12399.333333333334
681,14180.666666666666
682,14075.666666666666
683,13708.666666666666
684,17025.0
685,15288.0
686,11683.333333333334
687,10971.333333333334
688,10707.666666666666
689,10725.666666666666
690,12069.666666666666
691,11970.0
692,12250.666666666666
693,11843.666666666666
694,10884.333333333334
695,10896.0
696,11165.666666666666
697,11266.0
698,10964.0
699,12497.666666666666
700,11893.666666666666
701,10636.333333333334
702,11302.0
703,12352.666666666666
704,12621.666666666666
705,11726.0
706,11043.0
707,11572.666666666666
708,11045.333333333334
709,11157.333333333334
710,13760.333333333334
711,13707.333333333334
712,10986.666666666666
713,12188.0
714,11638.0
715,11728.666666666666
716,11222.333333333334
717,10730.333333333334
718,10936.333333333334
719,10399.333333333334
720,11091.333333333334
721,13061.0
722,11335.333333333334
723,12759.0
724,11703.333333333334
725,11462.333333333334
726,10876.0
727,10657.333333333334
728,12721.333333333334
729,12059.666666666666
730,11578.0
731,12436.0
732,11284.0
733,10775.333333333334
734,10952.333333333334
735,11747.666666666666
736,11590.666666666666
737,12117.333333333334
738,13152.666666666666
739,12958.333333333334
740,11820.333333333334
741,11669.0
742,10986.333333333334
743,11216.333333333334
744,12085.333333333334
745,11339.0
746,16908.333333333332
747,14793.666666666666
748,11115.333333333334
749,12272.333333333334
750,11140.333333333334
751,11541.666666666666
752,12141.0
753,11676.666666666666
754,11119.666666666666
755,11736.333333333334
756,11971.333333333334
757,10925.666666666666
758,10494.333333333334
759,10672.666666666666
760,11661.666666666666
761,11933.0
762,10835.666666666666
763,10079.666666666666
764,10298.333333333334
765,10947.666666666666
766,11212.333333333334
767,15191.0
768,14479.333333333334
769,10836.0
770,11120.333333333334
771,11947.666666666666
772,10876.0
773,10783.333333333334
774,11690.0
775,11581.666666666666
776,11121.666666666666
777,10997.0
778,11150.333333333334
779,10548.333333333334
780,11098.333333333334
781,11084.333333333334
782,10816.333333333334
783,14506.333333333334
784,14963.0
785,16682.333333333332
786,14079.666666666666
787,11180.666666666666
788,12658.666666666666
789,11813.333333333334
790,10855.333333333334
791,10627.0
792,10991.666666666666
793,10700.0
794,11451.333333333334
795,11468.0
796,10913.0
797,11827.666666666666
798,11153.333333333334
799,11366.0
800,12770.0
801,21420.666666666668
802,19403.333333333332
803,10075.666666666666
804,11501.0
805,12758.0
806,13063.0
807,12283.666666666666
808,11673.666666666666
809,10450.666666666666
810,10766.333333333334
811,11318.0
812,13197.666666666666
813,13932.333333333334
814,12267.0
815,12187.0
816,11664.666666666666
817,10763.666666666666
818,12695.666666666666
819,14437.0
820,13254.0
821,13822.666666666666
822,13417.333333333334
823,12408.0
824,11762.666666666666
825,12046.333333333334
826,12640.0
827,12506.666666666666
828,11450.0
829,10743.666666666666
830,12001.333333333334
831,12118.666666666666
832,11182.333333333334
833,11547.0
834,11487.0
835,11998.666666666666
836,12223.0
837,11486.666666666666
838,11648.333333333334
839,11403.333333333334
840,11946.333333333334
841,11373.666666666666
842,11112.333333333334
843,12470.666666666666
844,11607.333333333334
845,12727.333333333334
846,13265.0
847,13568.333333333334
848,11895.666666666666
849,11033.333333333334
850,10314.666666666666
851,11800.666666666666
852,11284.0
853,13269.0
854,12627.333333333334
855,10712.0
856,10960.666666666666
857,12599.0
858,11718.0
859,11368.333333333334
860,11253.0
861,12087.0
862,14061.333333333334
863,14049.666666666666
864,11989.0
865,11649.333333333334
866,11364.666666666666
867,10838.0
868,10893.666666666666
869,11116.0
870,11289.333333333334
871,11574.666666666666
872,11018.333333333334
873,11351.333333333334
874,10987.333333333334
875,11127.333333333334
876,10913.666666666666
877,12543.0
878,12218.0
879,11140.666666666666
880,9819.0
881,10503.0
882,11700.0
883,11935.0
884,13480.666666666666
885,12915.333333333334
886,11125.333333333334
887,10175.0
888,11390.0
889,11951.333333333334
890,13216.0
891,11992.333333333334
892,11113.333333333334
893,10808.0
894,10611.666666666666
895,11133.333333333334
896,11264.0
897,10689.666666666666
898,11367.333333333334
899,14424.666666666666
900,13065.666666666666
901,11285.333333333334
902,11212.333333333334
903,11208.666666666666
904,11028.666666666666
905,10871.0
906,11315.666666666666
907,13846.0
908,12761.333333333334
909,10872.333333333334
910,10812.0
911,13841.0
912,13090.0
913,13617.333333333334
914,11795.0
915,11383.333333333334
916,13233.333333333334
917,11761.666666666666
918,12208.666666666666
919,12742.666666666666
920,12653.333333333334
921,11323.666666666666
922,10271.333333333334
923,10235.666666666666
924,11138.666666666666
925,10902.666666666666
926,11987.333333333334
927,10997.666666666666
928,10844.0
929,11493.666666666666
930,14952.0
931,12448.0
932,10617.0
933,12109.666666666666
934,13197.666666666666
935,12891.666666666666
936,11781.0
937,13986.0
938,13336.0
939,11614.666666666666
940,11425.666666666666
941,9624.333333333334
942,9195.333333333334
943,9966.333333333334
944,9496.0
945,10595.333333333334
946,11106.333333333334
947,11672.333333333334
948,11273.0
949,10457.0
950,13471.666666666666
951,11835.333333333334
952,10599.0
953,10632.0
954,12341.333333333334
955,12323.333333333334
956,9912.666666666666
957,10767.333333333334
958,11173.666666666666
959,11435.333333333334
960,12062.666666666666
961,19213.333333333332
962,17635.0
963,11896.0
964,12264.333333333334
965,13849.0
966,13025.666666666666
967,10421.0
968,13533.666666666666
969,12382.333333333334
970,10345.666666666666
971,10417.0
972,10453.333333333334
973,10785.0
974,12532.666666666666
975,11580.333333333334
976,10538.666666666666
977,11260.0
978,11395.666666666666
979,12318.0
980,11332.333333333334
981,11766.666666666666
982,11188.333333333334
983,11057.0
984,12228.333333333334
985,12325.333333333334
986,11121.0
987,11287.333333333334
988,10198.333333333334
989,11985.666666666666
990,10774.0
991,10928.333333333334
992,10665.0
993,10725.0
994,11234.666666666666
995,10832.666666666666
996,10990.0
997,11306.0
998,13936.333333333334
999,13489.666666666666
1000,10880.333333333334
1001,10534.0
1002,12132.333333333334
1003,12063.0
1004,12078.333333333334
1005,11938.0
1006,12026.0
1007,12757.666666666666
1008,12392.0
1009,11702.333333333334
1010,11606.0
1011,12605.333333333334
1012,12989.0
1013,11034.333333333334
1014,10565.333333333334
1015,10895.333333333334
1016,10915.333333333334
1017,11508.666666666666
1018,10869.333333333334
1019,11599.666666666666
1020,13048.666666666666
1021,14631.333333333334
1022,11913.333333333334
1023,12623.333333333334
1024,12021.666666666666
1025,10632.666666666666
1026,11515.0
1027,11240.666666666666
1028,10846.666666666666
1029,12793.666666666666
1030,15566.666666666666
1031,15045.333333333334
1032,14948.333333333334
1033,13930.0
1034,14493.0
1035,13943.666666666666
1036,10787.0
1037,10834.333333333334
1038,13727.333333333334
1039,13033.666666666666
1040,10999.0
1041,10849.0
1042,10541.0
1043,11027.333333333334
1044,11249.666666666666
1045,10674.666666666666
1046,11706.333333333334
1047,14040.0
1048,12636.666666666666
1049,12723.666666666666
1050,12028.0
1051,12227.333333333334
1052,10923.666666666666
1053,11260.666666666666
1054,11874.666666666666
1055,12172.0
1056,12827.0
1057,11419.333333333334
1058,10649.0
1059,10858.0
1060,12765.666666666666
1061,12337.666666666666
1062,11470.666666666666
1063,11211.666666666666
1064,12466.0
1065,12270.666666666666
1066,11292.333333333334
1067,12175.666666666666
1068,11415.0
1069,11996.666666666666
1070,11980.333333333334
1071,12036.666666666666
1072,12544.0
1073,14144.666666666666
1074,15205.0
1075,13130.0
1076,11401.666666666666
1077,12459.666666666666
1078,13280.666666666666
1079,13604.333333333334
1080,13059.666666666666
1081,12189.666666666666
1082,11487.333333333334
1083,11077.333333333334
1084,12742.666666666666
1085,11688.0
1086,10832.0
1087,11046.0
1088,13101.333333333334
1089,12358.666666666666
1090,12498.666666666666
1091,12159.0
1092,11221.333333333334
1093,11170.666666666666
1094,12348.666666666666
1095,11702.333333333334
1096,10941.333333333334
1097,10952.333333333334
1098,12203.333333333334
1099,12213.666666666666
1100,12459.333333333334
1101,15225.0
1102,11871.666666666666
1103,13226.333333333334
1104,11560.0
1105,11547.666666666666
1106,13200.0
1107,12873.333333333334
1108,10953.666666666666
1109,13681.333333333334
1110,11822.666666666666
1111,11948.0
1112,13007.333333333334
1113,12915.333333333334
1114,12643.333333333334
1115,14188.0
1116,14294.333333333334
1117,14956.333333333334
1118,11930.666666666666
1119,10929.666666666666
1120,10492.333333333334
1121,10310.333333333334
1122,10851.333333333334
1123,11854.0
1124,12518.0
1125,12154.333333333334
1126,12172.333333333334
1127,11251.666666666666
1128,11335.666666666666
1129,10880.0
1130,11157.666666666666
1131,11290.333333333334
1132,12926.333333333334
1133,12727.333333333334
1134,11151.333333333334
1135,11122.666666666666
1136,11564.666666666666
1137,14625.333333333334
1138,14309.333333333334
1139,10247.0
1140,11802.0
1141,11135.333333333334
1142,10358.666666666666
1143,11428.666666666666
1144,12687.333333333334
1145,11568.666666666666
1146,11948.666666666666
1147,11901.0
1148,11155.333333333334
1149,10278.0
1150,10584.666666666666
1151,11727.0
1152,12995.333333333334
1153,12875.0
1154,11454.333333333334
1155,14327.666666666666
1156,11987.666666666666
1157,11248.666666666666
1158,12753.0
1159,12268.333333333334
1160,13774.666666666666
1161,11104.0
1162,11323.666666666666
1163,9711.333333333334
1164,13481.333333333334
1165,12447.333333333334
1166,11588.333333333334
1167,11604.0
1168,11321.0
1169,12384.666666666666
1170,11990.333333333334
1171,11175.0
1172,10790.333333333334
1173,23288.0
1174,15351.333333333334
1175,10235.333333333334
1176,9850.333333333334
1177,14394.333333333334
1178,12034.333333333334
1179,10129.333333333334
1180,10190.333333333334
1181,11104.0
1182,13843.0
1183,12385.0
1184,10549.333333333334
1185,11181.333333333334
1186,11820.333333333334
1187,11323.333333333334
1188,11019.0
1189,13236.666666666666
1190,12129.0
1191,11157.0
1192,12763.0
1193,14074.666666666666
1194,11885.0
1195,10837.0
1196,10523.666666666666
1197,10969.666666666666
1198,11760.333333333334
1199,14051.333333333334
1200,14399.333333333334
1201,12786.333333333334
1202,13092.333333333334
1203,14198.333333333334
1204,10552.333333333334
1205,11050.666666666666
1206,13040.0
1207,16773.333333333332
1208,12144.333333333334
1209,11878.0
1210,12535.666666666666
1211,11026.0
1212,12289.0
1213,11481.0
1214,13897.666666666666
1215,12411.666666666666
1216,10915.333333333334
1217,11432.333333333334
1218,12776.0
1219,12427.333333333334
1220,13268.0
1221,10774.333333333334
1222,10685.666666666666
1223,10784.0
1224,13115.333333333334
1225,11371.333333333334
1226,11055.666666666666
1227,13377.333333333334
1228,11936.0
1229,11419.0
1230,11234.666666666666
1231,12358.666666666666
1232,10802.333333333334
1233,11184.666666666666
1234,12290.666666666666
1235,12891.333333333334
1236,10922.0
1237,12313.666666666666
1238,13375.0
1239,11612.0
1240,10409.333333333334
1241,10503.0
1242,16510.333333333332
1243,15945.0
1244,14731.0
1245,10878.666666666666
1246,10826.0
1247,12644.666666666666
1248,12202.666666666666
1249,10717.0
1250,12639.666666666666
1251,14293.0
1252,12911.333333333334
1253,11713.333333333334
1254,12913.666666666666
1255,12752.666666666666
1256,12101.666666666666
1257,14053.666666666666
1258,11051.0
1259,11379.0
1260,10562.666666666666
1261,11891.666666666666
1262,13410.0
1263,12662.333333333334
1264,11399.666666666666
1265,11426.666666666666
1266,11043.0
1267,11453.0
1268,11086.666666666666
1269,11599.0
1270,11124.333333333334
1271,10988.0
1272,13436.666666666666
1273,15124.666666666666
1274,11860.666666666666
1275,12072.333333333334
1276,12674.666666666666
1277,11110.0
1278,11506.333333333334
1279,11862.333333333334
1280,12086.0
1281,12611.0
1282,11818.333333333334
1283,11108.333333333334
1284,10984.333333333334
1285,10786.0
1286,12201.0
1287,13025.333333333334
1288,11895.0
1289,11115.333333333334
1290,11620.666666666666
1291,11502.666666666666
1292,11367.333333333334
1293,12802.333333333334
1294,11665.666666666666
1295,11645.0
1296,11492.666666666666
1297,11591.333333333334
1298,14762.666666666666
1299,12657.0
1300,12223.666666666666
1301,12298.0
1302,12923.0
1303,14188.666666666666
1304,12188.666666666666
1305,12764.0
1306,14267.0
1307,11863.0
1308,11582.666666666666
1309,12334.0
1310,11945.666666666666
1311,12008.666666666666
1312,15181.0
1313,13036.666666666666
1314,11426.666666666666
1315,10513.666666666666
1316,10913.666666666666
1317,11625.333333333334
1318,11477.666666666666
1319,10906.333333333334
1320,11468.0
1321,12908.333333333334
1322,12201.0
1323,14135.0
1324,13031.333333333334
1325,14316.333333333334
1326,13950.0
1327,12656.333333333334
1328,14996.0
1329,10976.0
1330,13999.0
1331,13509.333333333334
1332,10047.0
1333,10025.666666666666
1334,14322.333333333334
1335,14736.0
1336,13700.0
1337,12370.0
1338,12501.0
1339,11468.666666666666
1340,12450.666666666666
1341,11922.666666666666
1342,10887.333333333334
1343,12373.333333333334
1344,12860.333333333334
1345,12041.0
1346,11195.0
1347,12886.0
1348,11806.0
1349,12226.666666666666
1350,11956.666666666666
1351,10728.666666666666
1352,13611.333333333334
1353,12474.0
1354,12207.0
1355,13424.333333333334
1356,11692.0
1357,12563.333333333334
1358,14948.0
1359,13348.666666666666
1360,11073.0
1361,10552.666666666666
1362,11306.0
1363,15569.666666666666
1364,12952.333333333334
1365,12483.666666666666
1366,12090.666666666666
1367,10906.333333333334
1368,10930.333333333334
1369,10704.666666666666
1370,11065.666666666666
1371,12987.333333333334
1372,11444.333333333334
1373,11165.0
1374,10773.0
1375,11686.333333333334
1376,13316.0
1377,14353.333333333334
1378,11848.333333333334
1379,11662.333333333334
1380,11342.0
1381,11557.0
1382,12032.666666666666
1383,16120.333333333334
1384,13488.333333333334
1385,10219.666666666666
1386,10618.0
1387,15413.0
1388,13592.333333333334
1389,11237.333333333334
1390,13289.333333333334
1391,16088.0
1392,16061.666666666666
1393,12245.0
1394,11041.0
1395,11195.333333333334
1396,13303.666666666666
1397,12249.333333333334
1398,11919.0
1399,12834.333333333334
1400,12365.666666666666
1401,11765.666666666666
1402,11452.333333333334
1403,11012.333333333334
1404,12542.666666666666
1405,11320.333333333334
1406,11385.0
1407,11346.333333333334
1408,11442.0
1409,10997.666666666666
1410,11607.333333333334
1411,11151.0
1412,10742.0
1413,10120.666666666666
1414,8935.666666666666
1415,10975.333333333334
1416,12882.0
1417,13854.666666666666
1418,12219.666666666666
1419,12829.333333333334
1420,12862.666666666666
1421,11689.333333333334
1422,10786.666666666666
1423,10619.666666666666
1424,10876.0
1425,10839.0
1426,10831.333333333334
1427,14226.0
1428,12574.666666666666
1429,12040.0
1430,13025.0
1431,11233.333333333334
1432,10932.333333333334
1433,10306.666666666666
1434,11084.666666666666
1435,12364.333333333334
1436,12888.333333333334
1437,11916.666666666666
1438,13647.0
1439,12237.0
1440,13005.0
1441,12957.333333333334
1442,10342.333333333334
1443,16811.0
1444,16383.666666666666
1445,12852.666666666666
1446,11151.333333333334
1447,11242.333333333334
1448,11499.666666666666
1449,11774.333333333334
1450,13693.0
1451,11275.0
1452,11132.333333333334
1453,11334.666666666666
1454,11739.333333333334
1455,14047.0
1456,13967.0
1457,10844.333333333334
1458,10944.333333333334
1459,12956.666666666666
1460,12490.333333333334
1461,11991.0
1462,11268.666666666666
1463,11244.0
1464,11839.0
1465,11567.0
1466,10541.666666666666
1467,11069.0
1468,10496.333333333334
1469,10273.333333333334
1470,12824.666666666666
1471,12751.333333333334
1472,11256.666666666666
1473,10573.333333333334
1474,10782.0
1475,10981.0
1476,11246.666666666666
1477,10870.333333333334
1478,11159.666666666666
1479,11133.666666666666
1480,10736.666666666666
1481,12893.666666666666
1482,15807.333333333334
1483,14082.666666666666
1484,11085.0
1485,11150.0
1486,12184.0
1487,11905.0
1488,11371.0
1489,12681.0
1490,11580.0
1491,12047.333333333334
1492,11208.333333333334
1493,13887.333333333334
1494,12775.666666666666
1495,11427.0
1496,15555.0
1497,14204.666666666666
1498,10316.666666666666
1499,10963.0
1500,11514.666666666666
1501,11101.333333333334
1502,11172.333333333334
1503,11918.0
1504,12572.333333333334
1505,12777.666666666666
1506,12233.333333333334
1507,11116.333333333334
1508,11957.0
1509,14196.333333333334
1510,13927.333333333334
1511,12501.333333333334
1512,13435.333333333334
1513,12192.333333333334
1514,10878.0
1515,11418.0
1516,11383.666666666666
1517,13581.0
1518,12869.333333333334
1519,11926.666666666666
1520,12640.333333333334
1521,12321.0
1522,10769.0
1523,10551.0
1524,11446.666666666666
1525,12046.666666666666
1526,11433.666666666666
1527,11400.666666666666
1528,12123.0
1529,10991.333333333334
1530,13915.0
1531,14062.333333333334
1532,11688.666666666666
1533,10045.666666666666
1534,9992.666666666666
1535,10238.666666666666
1536,15085.333333333334
1537,13004.666666666666
1538,11541.0
1539,11650.333333333334
1540,12698.0
1541,12312.0
1542,12380.0
1543,13730.333333333334
1544,12066.333333333334
1545,10913.0
1546,10541.0
1547,21524.333333333332
1548,15894.333333333334
1549,12910.0
1550,13184.666666666666
1551,11132.333333333334
1552,10384.0
1553,12100.666666666666
1554,11104.333333333334
1555,11008.666666666666
1556,12738.0
1557,13951.333333333334
1558,13356.333333333334
1559,15136.666666666666
1560,12495.333333333334
1561,11101.666666666666
1562,10759.333333333334
1563,10630.0
1564,12392.333333333334
1565,11601.0
1566,11670.666666666666
1567,11697.0
1568,11131.333333333334
1569,10912.333333333334
1570,10737.666666666666
1571,10679.666666666666
1572,11576.333333333334
1573,11458.666666666666
1574,11914.333333333334
1575,12971.333333333334
1576,12278.666666666666
1577,13741.0
1578,11007.666666666666
1579,10678.666666666666
1580,10695.333333333334
1581,10831.333333333334
1582,12159.666666666666
1583,12332.666666666666
1584,11644.0
1585,10734.333333333334
1586,12404.666666666666
1587,12522.333333333334
1588,10642.666666666666
1589,13153.333333333334
1590,13588.333333333334
1591,12101.0
1592,11824.333333333334
1593,11845.666666666666
1594,11569.666666666666
1595,14254.0
1596,17544.666666666668
1597,11315.333333333334
1598,10805.0
1599,11858.0
1600,12258.0
1601,10786.666666666666
1602,11104.666666666666
1603,12768.0
1604,12698.0
1605,10416.333333333334
1606,10507.0
1607,10518.666666666666
1608,11998.666666666666
1609,12553.333333333334
1610,11943.333333333334
1611,11810.333333333334
1612,13507.0
1613,14183.0
1614,12916.666666666666
1615,11717.0
1616,11478.0
1617,13415.333333333334
1618,11590.666666666666
1619,10445.333333333334
1620,10869.0
1621,10958.0
1622,11504.666666666666
1623,11351.666666666666
1624,11881.0
1625,11780.333333333334
1626,10996.333333333334
1627,12289.0
1628,12243.0
1629,11962.666666666666
1630,11530.666666666666
1631,11047.0
1632,11165.333333333334
1633,11159.666666666666
1634,10750.666666666666
1635,11633.666666666666
1636,11099.666666666666
1637,10612.666666666666
1638,11556.333333333334
1639,11223.0
1640,13761.666666666666
1641,15632.0
1642,12094.0
1643,11355.666666666666
1644,11458.333333333334
1645,12913.333333333334
1646,11815.0
1647,14293.333333333334
1648,12714.0
1649,12572.666666666666
1650,11880.333333333334
1651,14023.0
1652,11064.0
1653,11090.0
1654,12425.333333333334
1655,14571.333333333334
1656,13555.0
1657,13189.666666666666
1658,14685.0
1659,11857.0
1660,11686.333333333334
1661,11650.666666666666
1662,13852.0
1663,12610.0
1664,12150.0
1665,11410.0
1666,10857.0
1667,11681.0
1668,14497.666666666666
1669,12996.333333333334
1670,12309.333333333334
1671,11039.333333333334
1672,11293.333333333334
1673,11897.0
1674,12755.0
1675,12678.666666666666
1676,11680.666666666666
1677,11225.0
1678,10198.666666666666
1679,11638.333333333334
1680,11134.333333333334
1681,11573.333333333334
1682,10916.666666666666
1683,10993.333333333334
1684,13288.666666666666
1685,13300.0
1686,14858.666666666666
1687,12497.333333333334
1688,11283.0
1689,11586.0
1690,10905.0
1691,12760.0
1692,11245.0
1693,11247.333333333334
1694,11342.333333333334
1695,12750.666666666666
1696,12732.666666666666
1697,11465.0
1698,11377.333333333334
1699,12598.333333333334
1700,13130.666666666666
1701,14755.666666666666
1702,14909.333333333334
1703,13272.333333333334
1704,11704.333333333334
1705,12454.666666666666
1706,13254.0
1707,12206.333333333334
1708,12405.666666666666
1709,12238.666666666666
1710,11339.333333333334
1711,13437.333333333334
1712,11770.0
1713,12197.0
1714,15457.333333333334
1715,13812.333333333334
1716,12320.0
1717,11537.333333333334
1718,11721.333333333334
1719,11761.666666666666
1720,12405.666666666666
1721,13916.0
1722,12607.333333333334
1723,13367.666666666666
1724,12563.333333333334
1725,10503.666666666666
1726,10801.0
1727,11868.333333333334
1728,12427.666666666666
1729,11712.333333333334
1730,12179.0
1731,11011.0
1732,12482.0
1733,12848.0
1734,11504.333333333334
1735,12622.0
1736,12214.666666666666
1737,11445.0
1738,12947.0
1739,12012.333333333334
1740,11360.666666666666
1741,15348.333333333334
1742,15542.333333333334
1743,12435.666666666666
1744,10802.333333333334
1745,12074.333333333334
1746,11742.333333333334
1747,11200.333333333334
1748,11765.0
1749,11701.0
1750,12496.666666666666
1751,15164.0
1752,13132.666666666666
1753,12321.0
1754,10577.333333333334
1755,14069.333333333334
1756,12854.666666666666
1757,10934.0
1758,10741.333333333334
1759,11340.666666666666
1760,13032.666666666666
1761,12359.0
1762,10200.333333333334
1763,11208.0
1764,11603.333333333334
1765,10808.666666666666
1766,11223.666666666666
1767,11227.333333333334
1768,10918.0
1769,11920.333333333334
1770,12365.333333333334
1771,13330.666666666666
1772,14621.0
1773,11347.0
1774,10268.333333333334
1775,12356.0
1776,11967.666666666666
1777,11876.666666666666
1778,12088.333333333334
1779,11296.666666666666
1780,11739.0
1781,11432.333333333334
1782,11359.666666666666
1783,12284.333333333334
1784,12325.333333333334
1785,11229.666666666666
1786,11270.0
1787,10692.333333333334
1788,11441.666666666666
1789,11156.0
1790,10874.0
1791,9800.0
1792,10220.0
1793,12263.333333333334
1794,12811.0
1795,13141.0
1796,21692.0
1797,19074.333333333332
1798,13529.666666666666
1799,11882.0
1800,10728.333333333334
1801,11215.666666666666
1802,10509.666666666666
1803,10965.0
1804,11252.666666666666
1805,11130.666666666666
1806,11182.0
1807,12006.0
1808,11637.333333333334
1809,11577.333333333334
1810,11431.666666666666
1811,11088.666666666666
1812,12063.666666666666
1813,11243.0
1814,11218.333333333334
1815,11796.333333333334
1816,11723.666666666666
1817,12224.666666666666
1818,12689.666666666666
1819,14036.666666666666
1820,12509.666666666666
1821,11720.333333333334
1822,12210.666666666666
1823,12789.333333333334
1824,13937.0
1825,13554.666666666666
1826,12265.333333333334
1827,11718.666666666666
1828,12700.0
1829,11698.0
1830,18410.0
1831,13302.333333333334
1832,13469.666666666666
1833,13267.0
1834,12817.0
1835,12574.333333333334
1836,12603.0
1837,10774.666666666666
1838,10520.666666666666
1839,11046.666666666666
1840,11220.666666666666
1841,11404.0
1842,10732.0
1843,11358.333333333334
1844,9815.333333333334
1845,10782.666666666666
1846,10958.333333333334
1847,11744.333333333334
1848,11248.333333333334
1849,10561.333333333334
1850,10256.333333333334
1851,11909.333333333334
1852,11623.333333333334
1853,11266.666666666666
1854,11946.666666666666
1855,12420.333333333334
1856,13868.0
1857,11551.0
1858,10580.666666666666
1859,10795.333333333334
1860,10644.0
1861,11355.666666666666
1862,12314.0
1863,11985.666666666666
1864,13379.666666666666
1865,13464.333333333334
1866,14381.333333333334
1867,12508.333333333334
1868,10804.0
1869,10531.0
1870,10932.333333333334
1871,9940.666666666666
1872,10706.333333333334
1873,10629.666666666666
1874,10688.666666666666
1875,10908.333333333334
1876,11036.0
1877,11755.0
1878,11642.333333333334
1879,11753.0
1880,12561.333333333334
1881,12037.666666666666
1882,10823.0
1883,10903.666666666666
1884,11124.0
1885,12304.0
1886,12320.333333333334
1887,12209.333333333334
1888,11992.333333333334
1889,10607.0
1890,10851.333333333334
1891,15749.666666666666
1892,13784.0
1893,13103.666666666666
1894,11766.0
1895,11112.333333333334
1896,11451.666666666666
1897,11655.333333333334
1898,11566.333333333334
1899,11695.0
1900,12087.666666666666
1901,12219.0
1902,12108.0
1903,11733.666666666666
1904,10756.666666666666
1905,11271.0
1906,11614.666666666666
1907,11550.666666666666
1908,11426.0
1909,11437.333333333334
1910,13148.333333333334
1911,13358.333333333334
1912,14154.333333333334
1913,12566.0
1914,11514.0
1915,10537.666666666666
1916,12310.0
1917,13523.666666666666
1918,14164.333333333334
1919,12310.666666666666
1920,11961.0
1921,12812.333333333334
1922,13099.666666666666
1923,12235.0
1924,11080.0
1925,11462.0
1926,12123.0
1927,13013.0
1928,12733.666666666666
1929,12392.666666666666
1930,12136.0
1931,11201.0
1932,11458.666666666666
1933,13004.0
1934,12176.0
1935,13118.0
1936,12266.333333333334
1937,13680.0
1938,13656.333333333334
1939,13500.0
1940,12201.666666666666
1941,12227.0
1942,11410.333333333334
1943,11262.333333333334
1944,11258.333333333334
1945,12634.333333333334
1946,12672.333333333334
1947,17584.0
1948,14243.0
1949,10771.0
1950,10284.666666666666
1951,11239.0
1952,11048.666666666666
1953,11253.666666666666
1954,12300.333333333334
1955,12295.666666666666
1956,11505.0
1957,10626.0
1958,10320.0
1959,10473.666666666666
1960,9506.0
1961,10554.333333333334
1962,12495.333333333334
1963,12992.333333333334
1964,11763.333333333334
1965,12441.0
1966,11763.0
1967,10811.333333333334
1968,10719.666666666666
1969,11270.666666666666
1970,10996.333333333334
1971,13835.0
1972,12661.0
1973,12864.0
1974,12919.0
1975,11810.0
1976,10809.666666666666
1977,11015.333333333334
1978,11372.0
1979,11209.0
1980,11183.666666666666
1981,10220.666666666666
1982,10856.333333333334
1983,11607.0
1984,13274.333333333334
1985,16559.333333333332
1986,14254.666666666666
1987,14101.333333333334
1988,12356.666666666666
1989,11068.666666666666
1990,11245.0
1991,11185.0
1992,11796.0
1993,11688.666666666666
1994,11152.333333333334
1995,11944.0
1996,11365.666666666666
1997,11434.666666666666
1998,12606.0
1999,11463.666666666666
2000,10998.333333333334
2001,11176.333333333334
2002,11164.0
2003,11847.666666666666
2004,11878.666666666666
2005,12311.0
2006,11851.333333333334
2007,11251.0
2008,14373.0
2009,14285.333333333334
2010,11943.666666666666
2011,10971.0
2012,11409.333333333334
2013,11530.0
2014,11552.666666666666
2015,10980.333333333334
2016,10881.666666666666
2017,11027.666666666666
2018,12867.0
2019,13201.333333333334
2020,13322.666666666666
2021,12276.333333333334
2022,12279.666666666666
2023,11693.666666666666
2024,11509.0
2025,11745.666666666666
2026,12714.666666666666
2027,11881.666666666666
2028,12005.666666666666
2029,12580.0
2030,11487.0
2031,12032.333333333334
2032,12982.666666666666
2033,14358.333333333334
2034,11614.666666666666
2035,11298.666666666666
2036,12507.333333333334
2037,12623.0
2038,11755.333333333334
2039,11603.666666666666
2040,14742.0
2041,12147.0
2042,11141.0
2043,12068.333333333334
2044,12721.333333333334
2045,12538.666666666666
2046,11412.0
2047,10913.666666666666
2048,10553.333333333334
2049,11796.333333333334
2050,10682.666666666666
2051,11727.666666666666
2052,11514.0
2053,11715.333333333334
2054,11886.333333333334
2055,11299.0
2056,13938.333333333334
2057,12414.333333333334
2058,12698.666666666666
2059,11460.333333333334
2060,11816.333333333334
2061,12224.666666666666
2062,12784.333333333334
2063,11486.0
2064,11014.666666666666
2065,11181.0
2066,11071.0
2067,11128.666666666666
2068,10720.0
2069,10597.666666666666
2070,11640.333333333334
2071,10999.666666666666
2072,11679.666666666666
2073,11175.0
2074,11203.333333333334
2075,11370.666666666666
2076,11318.333333333334
2077,14205.0
2078,12403.0
2079,11003.666666666666
2080,12270.0
2081,12427.666666666666
2082,12381.0
2083,11694.0
2084,11210.333333333334
2085,10623.0
2086,12002.666666666666
2087,12374.0
2088,12627.666666666666
2089,11567.333333333334
2090,11751.0
2091,11735.666666666666
2092,10793.333333333334
2093,10663.666666666666
2094,11063.666666666666
2095,11541.333333333334
2096,18941.333333333332
2097,27863.666666666668
2098,25024.0
2099,11519.0
2100,10872.333333333334
2101,11863.333333333334
2102,11553.333333333334
2103,11447.0
2104,17441.333333333332
2105,15315.0
2106,12029.666666666666
2107,14364.0
2108,14717.0
2109,14263.0
2110,12294.333333333334
2111,12386.333333333334
2112,12472.666666666666
2113,11874.0
2114,10484.0
2115,10366.333333333334
2116,10239.666666666666
2117,11865.0
2118,11172.0
2119,11414.333333333334
2120,11123.333333333334
2121,9949.333333333334
2122,11420.333333333334
2123,12525.333333333334
2124,14432.333333333334
2125,14956.0
2126,13368.333333333334
2127,10041.0
2128,13898.666666666666
2129,12881.333333333334
2130,13059.666666666666
2131,12250.333333333334
2132,14137.0
2133,12017.0
2134,14017.0
2135,11684.333333333334
2136,11372.666666666666
2137,11281.333333333334
2138,11332.0
2139,11692.0
2140,10688.0
2141,11262.666666666666
2142,12827.666666666666
2143,14680.0
2144,15543.0
2145,12840.666666666666
2146,12232.333333333334
2147,11918.666666666666
2148,11011.333333333334
2149,16575.333333333332
2150,12507.333333333334
2151,14484.0
2152,10550.666666666666
2153,10663.0
2154,11959.666666666666
2155,11120.666666666666
2156,12755.0
2157,10986.333333333334
2158,12838.666666666666
2159,12201.666666666666
2160,12817.666666666666
2161,16133.666666666666
2162,12156.666666666666
2163,13761.0
2164,10722.333333333334
2165,13423.666666666666
2166,11215.333333333334
2167,12515.666666666666
2168,11914.666666666666
2169,11722.0
2170,11752.333333333334
2171,11128.333333333334
2172,12088.666666666666
2173,12366.666666666666
2174,11153.333333333334
2175,12844.0
2176,14961.333333333334
2177,11806.666666666666
2178,11715.666666666666
2179,13348.0
2180,11822.0
2181,10532.333333333334
2182,12851.0
2183,12007.333333333334
2184,11984.333333333334
2185,12540.333333333334
2186,11978.333333333334
2187,11937.666666666666
2188,14493.0
2189,11155.0
2190,13291.666666666666
2191,16167.0
2192,12330.333333333334
2193,12639.0
2194,11896.666666666666
2195,10886.0
2196,11569.333333333334
2197,11130.666666666666
2198,10998.0
2199,12747.0
2200,11691.666666666666
2201,12891.666666666666
2202,11744.666666666666
2203,12015.0
2204,12745.0
2205,12419.333333333334
2206,12420.333333333334
2207,13481.333333333334
2208,10761.333333333334
2209,11304.333333333334
2210,11205.666666666666
2211,10313.666666666666
2212,12992.333333333334
2213,11944.333333333334
2214,13325.666666666666
2215,11729.333333333334
2216,12993.333333333334
2217,11626.0
2218,12542.333333333334
2219,13276.333333333334
2220,12884.0
2221,12157.666666666666
2222,12316.333333333334
2223,11221.0
2224,11492.333333333334
2225,12761.0
2226,12215.333333333334
2227,12970.0
2228,13728.333333333334
2229,12917.666666666666
2230,10902.333333333334
2231,13291.333333333334
2232,11147.666666666666
2233,12363.0
2234,10721.666666666666
2235,11190.666666666666
2236,12159.333333333334
2237,12665.666666666666
2238,11271.333333333334
2239,12918.333333333334
2240,11731.666666666666
2241,10909.666666666666
2242,12160.666666666666
2243,11337.0
2244,11331.0
2245,14701.666666666666
2246,11667.666666666666
2247,13257.0
2248,10831.0
2249,10847.333333333334
2250,12497.666666666666
2251,11929.0
2252,13091.666666666666
2253,12972.333333333334
2254,11906.666666666666
2255,11609.0
2256,12178.333333333334
2257,11602.333333333334
2258,10465.666666666666
2259,10800.333333333334
2260,11034.333333333334
2261,10850.666666666666
2262,10635.0
2263,15176.0
2264,10965.0
2265,13411.666666666666
2266,12084.666666666666
2267,12460.0
2268,10746.0
2269,13396.666666666666
2270,11548.666666666666
2271,11800.333333333334
2272,12619.666666666666
2273,11408.333333333334
2274,12173.333333333334
2275,11059.333333333334
2276,12831.666666666666
2277,11278.666666666666
2278,11695.666666666666
2279,13414.333333333334
2280,11523.666666666666
2281,13305.0
2282,10135.666666666666
2283,12016.0
2284,10953.666666666666
2285,12231.333333333334
2286,13737.333333333334
2287,11899.0
2288,11203.666666666666
2289,11418.0
2290,12039.333333333334
2291,14183.666666666666
2292,12490.333333333334
2293,13336.0
2294,12075.0
2295,11953.666666666666
2296,11908.333333333334
2297,13364.666666666666
2298,11207.666666666666
2299,12369.333333333334
2300,10930.0
2301,11042.333333333334
2302,12105.666666666666
2303,12618.333333333334
2304,15134.0
2305,12138.666666666666
2306,14819.0
2307,13952.0
2308,12903.0
2309,12173.0
2310,14903.0
2311,10929.0
2312,13608.0
2313,15072.666666666666
2314,10894.333333333334
2315,14100.0
2316,11424.333333333334
2317,11603.0
2318,15247.0
2319,14858.0
2320,14565.333333333334
2321,10977.0
2322,11662.0
2323,11422.666666666666
2324,13323.0
2325,11569.0
2326,13209.333333333334
2327,12686.333333333334
2328,11003.0
2329,13635.333333333334
2330,12634.333333333334
2331,13375.333333333334
2332,10561.333333333334
2333,10827.0
2334,12205.0
2335,10562.333333333334
2336,12694.333333333334
2337,11757.0
2338,12610.666666666666
2339,18640.333333333332
2340,13563.0
2341,14710.333333333334
2342,12622.0
2343,12744.333333333334
2344,12619.666666666666
2345,11115.0
2346,13303.666666666666
2347,10464.0
2348,11565.666666666666
2349,13257.0
2350,14707.333333333334
2351,11920.333333333334
2352,13719.333333333334
2353,12805.333333333334
2354,12386.666666666666
2355,10323.0
2356,11829.666666666666
2357,10675.333333333334
2358,10503.333333333334
2359,10880.666666666666
2360,11443.0
2361,10903.0
2362,11109.0
2363,11977.333333333334
2364,11271.0
2365,13299.0
2366,12069.0
2367,13866.333333333334
2368,11371.0
2369,12202.666666666666
2370,12005.666666666666
2371,10823.333333333334
2372,15224.333333333334
2373,11307.0
2374,15667.666666666666
2375,11333.333333333334
2376,10946.333333333334
2377,9602.333333333334
2378,10084.333333333334
2379,10476.333333333334
2380,10952.0
2381,13344.0
2382,14713.333333333334
2383,12520.666666666666
2384,13208.333333333334
2385,14606.666666666666
2386,10622.0
2387,14870.333333333334
2388,12798.0
2389,12815.333333333334
2390,12666.333333333334
2391,10172.0
2392,14246.333333333334
2393,9754.666666666666
2394,13112.333333333334
2395,11709.666666666666
2396,12246.333333333334
2397,11538.666666666666
2398,12357.666666666666
2399,11207.333333333334
2400,12277.333333333334
2401,11226.0
2402,13844.333333333334
2403,13588.333333333334
2404,14256.0
2405,12500.0
2406,10658.0
2407,10760.333333333334
2408,11080.666666666666
2409,11571.0
2410,10902.333333333334
2411,10755.333333333334
2412,10388.666666666666
2413,11079.0
2414,13481.0
2415,10660.666666666666
2416,11083.0
2417,10757.0
2418,10942.0
2419,10896.333333333334
2420,11208.666666666666
2421,11721.0
2422,11427.666666666666
2423,14047.333333333334
2424,12990.0
2425,13388.666666666666
2426,12797.666666666666
2427,11701.0
2428,12767.666666666666
2429,12459.0
2430,13541.666666666666
2431,12281.333333333334
2432,14283.333333333334
2433,14161.0
2434,17376.666666666668
2435,14892.666666666666
2436,13345.666666666666
2437,15141.666666666666
2438,12587.666666666666
2439,12750.666666666666
2440,13846.666666666666
2441,12547.0
2442,12802.333333333334
2443,12378.666666666666
2444,11314.333333333334
2445,10522.333333333334
2446,12736.666666666666
2447,11131.333333333334
2448,14195.666666666666
2449,13438.666666666666
2450,12040.666666666666
2451,12162.333333333334
2452,11861.0
2453,12162.666666666666
2454,12253.333333333334
2455,11515.0
2456,10958.333333333334
2457,11053.333333333334
2458,10715.0
2459,10800.333333333334
2460,11755.333333333334
2461,11358.333333333334
2462,11241.0
2463,17058.666666666668
2464,10652.333333333334
2465,16582.333333333332
2466,11196.666666666666
2467,13151.666666666666
2468,13821.0
2469,11908.666666666666
2470,14570.666666666666
2471,12516.333333333334
2472,10822.666666666666
2473,11443.666666666666
2474,11173.333333333334
2475,11284.666666666666
2476,11578.666666666666
2477,11590.666666666666
2478,11850.0
2479,13962.333333333334
2480,12467.333333333334
2481,13531.333333333334
2482,11907.0
2483,11434.0
2484,10769.333333333334
2485,11826.333333333334
2486,11423.666666666666
2487,11290.0
2488,11172.333333333334
2489,10632.0
2490,11078.333333333334
2491,10742.0
2492,12444.0
2493,12213.666666666666
2494,11868.666666666666
2495,12333.666666666666
2496,10675.333333333334
2497,11733.333333333334
2498,17961.666666666668
2499,13455.333333333334
2500,17034.0
2501,11568.666666666666
2502,12044.333333333334
2503,14594.666666666666
2504,12871.0
2505,12365.0
2506,11375.666666666666
2507,11907.333333333334
2508,14097.666666666666
2509,14891.666666666666
2510,11551.666666666666
2511,13388.333333333334
2512,12752.0
2513,14989.666666666666
2514,10059.333333333334
2515,15272.666666666666
2516,10552.666666666666
2517,16892.666666666668
2518,12140.666666666666
2519,12296.333333333334
2520,11907.666666666666
2521,11624.666666666666
2522,11476.333333333334
2523,14411.0
2524,11316.666666666666
2525,11055.0
2526,12327.0
2527,10825.0
2528,12101.333333333334
2529,11065.0
2530,12576.666666666666
2531,12133.333333333334
2532,11761.333333333334
2533,10769.666666666666
2534,10981.333333333334
2535,10998.0
2536,11306.333333333334
2537,14595.0
2538,10562.333333333334
2539,13771.666666666666
2540,10481.333333333334
2541,11480.333333333334
2542,11971.0
2543,11181.666666666666
2544,10958.666666666666
2545,10830.0
2546,12111.666666666666
2547,11744.0
2548,11302.333333333334
2549,11360.333333333334
2550,10595.0
2551,11494.333333333334
2552,10389.666666666666
2553,11984.666666666666
2554,10844.666666666666
2555,10984.333333333334
2556,14199.666666666666
2557,11053.666666666666
2558,13113.333333333334
2559,11347.666666666666
2560,13769.333333333334
2561,12157.666666666666
2562,12234.0
2563,14875.666666666666
2564,10984.333333333334
2565,14939.0
2566,11476.0
2567,13879.0
2568,11264.333333333334
2569,12006.333333333334
2570,12513.0
2571,11437.333333333334
2572,12186.333333333334
2573,12978.666666666666
2574,11174.666666666666
2575,14037.333333333334
2576,12747.0
2577,13251.0
2578,11154.666666666666
2579,12291.0
2580,12180.333333333334
2581,13112.0
2582,12479.333333333334
2583,15147.666666666666
2584,11519.333333333334
2585,13843.0
2586,11286.333333333334
2587,11810.0
2588,12750.0
2589,11582.0
2590,11504.0
2591,12093.666666666666
2592,13075.333333333334
2593,11573.666666666666
2594,16978.333333333332
2595,15584.666666666666
2596,14797.0
2597,12609.666666666666
2598,13117.666666666666
2599,15148.0
2600,11735.0
2601,13357.666666666666
2602,11932.0
2603,12430.666666666666
2604,10837.666666666666
2605,13143.0
2606,11442.333333333334
2607,14342.0
2608,11249.333333333334
2609,16525.333333333332
2610,11530.0
2611,13925.666666666666
2612,12225.0
2613,11562.0
2614,14257.0
2615,11554.666666666666
2616,11812.0
2617,10745.0
2618,11408.0
2619,11032.0
2620,11236.0
2621,11697.333333333334
2622,13333.0
2623,12186.333333333334
2624,12480.333333333334
2625,11260.0
2626,11582.0
2627,11024.666666666666
2628,11251.666666666666
2629,11392.333333333334
2630,10366.666666666666
2631,10213.0
2632,10473.333333333334
2633,12544.0
2634,17959.0
2635,12018.333333333334
2636,13602.0
2637,12547.333333333334
2638,10583.333333333334
2639,12228.666666666666
2640,12277.0
2641,11577.333333333334
2642,11824.666666666666
2643,11881.666666666666
2644,11020.0
2645,11966.333333333334
2646,13399.666666666666
2647,11584.333333333334
2648,14399.666666666666
2649,11129.333333333334
2650,13810.333333333334
2651,12362.333333333334
2652,12214.333333333334
2653,11067.333333333334
2654,11069.666666666666
2655,15384.333333333334
2656,13921.0
2657,13922.333333333334
2658,12075.666666666666
2659,11106.333333333334
2660,10774.666666666666
2661,11377.666666666666
2662,10584.666666666666
2663,10631.666666666666
2664,10683.333333333334
2665,11546.0
2666,10822.333333333334
2667,11176.0
2668,13063.0
2669,11599.666666666666
2670,12974.666666666666
2671,11075.666666666666
2672,11664.333333333334
2673,10481.666666666666
2674,13547.666666666666
2675,12093.0
2676,12144.0
2677,11864.0
2678,11932.333333333334
2679,11698.0
2680,11645.333333333334
2681,13104.0
2682,12746.0
2683,11086.0
2684,12832.333333333334
2685,11229.333333333334
2686,11044.333333333334
2687,11852.0
2688,11137.666666666666
2689,10920.0
2690,13242.333333333334
2691,12329.666666666666
2692,11577.666666666666
2693,12484.333333333334
2694,10496.666666666666
2695,11006.333333333334
2696,10709.666666666666
2697,11162.333333333334
2698,10209.666666666666
2699,14390.666666666666
2700,10701.666666666666
2701,11668.333333333334
2702,11659.0
2703,11208.0
2704,13088.333333333334
2705,12344.666666666666
2706,12417.666666666666
2707,11122.333333333334
2708,10702.333333333334
2709,10439.0
2710,13959.0
2711,12759.0
2712,15344.666666666666
2713,13254.666666666666
2714,13045.666666666666
2715,12321.666666666666
2716,11976.333333333334
2717,20040.333333333332
2718,13339.333333333334
2719,16888.333333333332
2720,14089.0
2721,12535.666666666666
2722,13159.333333333334
2723,10632.666666666666
2724,11506.0
2725,13436.0
2726,11828.666666666666
2727,10649.0
2728,9850.666666666666
2729,11195.666666666666
2730,12490.333333333334
2731,12680.666666666666
2732,13294.333333333334
2733,11984.0
2734,13789.0
2735,15334.666666666666
2736,15938.333333333334
2737,13277.666666666666
2738,12414.666666666666
2739,13405.666666666666
2740,13014.333333333334
2741,12089.0
2742,12431.0
2743,12287.333333333334
2744,11068.0
2745,13676.666666666666
2746,11784.666666666666
2747,13511.0
2748,12731.333333333334
2749,11587.333333333334
2750,12997.333333333334
2751,14111.333333333334
2752,11955.0
2753,13239.333333333334
2754,11634.0
2755,13202.333333333334
2756,11541.666666666666
2757,11804.666666666666
2758,11346.0
2759,12235.0
2760,13228.333333333334
2761,12144.333333333334
2762,11783.333333333334
2763,12775.666666666666
2764,13004.333333333334
2765,11103.0
2766,11193.333333333334
2767,14391.0
2768,12343.333333333334
2769,13888.0
2770,11103.0
2771,13485.333333333334
2772,11621.333333333334
2773,11855.0
2774,10657.666666666666
2775,10498.333333333334
2776,10856.666666666666
2777,11010.0
2778,12102.666666666666
2779,10952.333333333334
2780,11441.0
2781,10852.333333333334
2782,12229.0
2783,11171.666666666666
2784,11981.0
2785,11504.0
2786,11766.666666666666
2787,10948.666666666666
2788,11653.666666666666
2789,10688.0
2790,12472.666666666666
2791,10545.666666666666
2792,12983.666666666666
2793,10711.666666666666
2794,11851.0
2795,13298.666666666666
2796,11100.666666666666
2797,15261.333333333334
2798,11523.666666666666
2799,13470.666666666666
2800,11657.0
2801,13537.333333333334
2802,13034.666666666666
2803,13676.0
2804,12974.333333333334
2805,12715.0
2806,11225.333333333334
2807,11284.666666666666
2808,11066.0
2809,10884.0
2810,14617.333333333334
2811,12386.333333333334
2812,14087.333333333334
2813,12012.0
2814,12592.0
2815,11303.666666666666
2816,13952.333333333334
2817,10648.333333333334
2818,12121.666666666666
2819,11471.333333333334
2820,12245.666666666666
2821,11599.333333333334
2822,16464.333333333332
2823,11344.333333333334
2824,13972.0
2825,12429.0
2826,11271.333333333334
2827,11414.333333333334
2828,12730.666666666666
2829,11229.333333333334
2830,12323.0
2831,22823.666666666668
2832,10723.0
2833,16795.666666666668
2834,11986.0
2835,10737.666666666666
2836,11406.666666666666
2837,11516.666666666666
2838,13481.666666666666
2839,11342.333333333334
2840,12919.333333333334
2841,11923.666666666666
2842,12558.666666666666
2843,10638.0
2844,11149.666666666666
2845,10245.666666666666
2846,10843.666666666666
2847,11206.666666666666
2848,13879.333333333334
2849,11214.0
2850,13196.0
2851,13538.0
2852,12059.333333333334
2853,12616.333333333334
2854,11818.333333333334
2855,10922.333333333334
2856,11718.666666666666
2857,10949.333333333334
2858,11872.333333333334
2859,11059.333333333334
2860,16567.666666666668
2861,12591.0
2862,13852.333333333334
2863,12920.666666666666
2864,10563.0
2865,11704.666666666666
2866,13219.0
2867,12850.666666666666
2868,12594.666666666666
2869,12048.0
2870,12910.666666666666
2871,12323.0
2872,12915.0
2873,11636.333333333334
2874,15141.333333333334
2875,10619.0
2876,14160.0
2877,11168.0
2878,11861.666666666666
2879,11983.333333333334
2880,12002.666666666666
2881,11182.333333333334
2882,13234.333333333334
2883,11124.666666666666
2884,11858.0
2885,12772.333333333334
2886,12937.0
2887,13520.333333333334
2888,12080.333333333334
2889,11476.333333333334
2890,10989.0
2891,11935.333333333334
2892,11855.0
2893,10423.666666666666
2894,11468.666666666666
2895,9576.0
2896,13419.0
2897,10257.666666666666
2898,12273.666666666666
2899,10584.0
2900,11813.666666666666
2901,11336.333333333334
2902,12048.333333333334
2903,14738.333333333334
2904,12755.0
2905,14940.666666666666
2906,11880.333333333334
2907,12480.666666666666
2908,11821.333333333334
2909,12110.666666666666
2910,14106.666666666666
2911,11474.0
2912,12219.666666666666
2913,10990.666666666666
2914,11634.333333333334
2915,11832.333333333334
2916,12281.666666666666
2917,11888.333333333334
2918,11568.0
2919,11960.333333333334
2920,11643.0
2921,11974.0
2922,12387.333333333334
2923,11590.666666666666
2924,12661.333333333334
2925,11187.333333333334
2926,11413.666666666666
2927,12723.333333333334
2928,12824.0
2929,11801.666666666666
2930,11826.0
2931,14213.333333333334
2932,13373.0
2933,12242.666666666666
2934,13069.0
2935,11739.0
2936,13073.333333333334
2937,12863.0
2938,12123.0
2939,11440.333333333334
2940,10641.0
2941,12765.666666666666
2942,11712.333333333334
2943,13121.0
2944,13576.666666666666
2945,12294.666666666666
2946,12188.666666666666
2947,14061.333333333334
2948,13553.0
2949,12633.333333333334
2950,16063.333333333334
2951,13024.666666666666
2952,12515.0
2953,12318.0
2954,12424.666666666666
2955,11602.666666666666
2956,13782.333333333334
2957,11738.0
2958,12632.333333333334
2959,14199.333333333334
2960,13883.0
2961,16580.666666666668
2962,12338.666666666666
2963,13340.666666666666
2964,11184.333333333334
2965,12455.666666666666
2966,11535.666666666666
2967,12841.333333333334
2968,11063.333333333334
2969,11196.0
2970,13615.0
2971,11660.333333333334
2972,12391.666666666666
2973,11299.666666666666
2974,12098.666666666666
2975,11127.333333333334
2976,11420.666666666666
2977,11161.333333333334
2978,13246.666666666666
2979,12552.666666666666
2980,13219.333333333334
2981,12203.0
2982,12373.666666666666
2983,10927.666666666666
2984,14950.0
2985,11195.333333333334
2986,12619.666666666666
2987,11070.333333333334
2988,10575.666666666666
2989,12092.333333333334
2990,12008.666666666666
2991,12286.0
2992,14737.666666666666
2993,11725.0
2994,12647.0
2995,11554.0
2996,11019.0
2997,13601.666666666666
2998,11988.0
2999,11658.666666666666
3000,11996.666666666666
3001,12606.0
3002,13919.333333333334
3003,13048.333333333334
3004,13435.666666666666
3005,11555.666666666666
3006,12836.666666666666
3007,11171.666666666666
3008,11359.333333333334
3009,11261.333333333334
3010,11574.666666666666
3011,10560.0
3012,13188.333333333334
3013,10711.666666666666
3014,12081.0
3015,11020.666666666666
3016,11988.333333333334
3017,11466.0
3018,11382.333333333334
3019,11422.666666666666
3020,12095.333333333334
3021,13868.666666666666
3022,15320.333333333334
3023,12384.333333333334
3024,12112.333333333334
3025,11635.666666666666
3026,15702.333333333334
3027,12206.666666666666
3028,13975.0
3029,12338.333333333334
3030,16702.666666666668
3031,11802.666666666666
3032,16341.333333333334
3033,12532.666666666666
3034,13209.333333333334
3035,12101.333333333334
3036,12412.666666666666
3037,11734.333333333334
3038,11756.333333333334
3039,11546.0
3040,13305.333333333334
3041,12125.0
3042,12697.333333333334
3043,11889.333333333334
3044,11446.333333333334
3045,11417.0
3046,13386.666666666666
3047,11057.0
3048,14944.666666666666
3049,10945.333333333334
3050,13171.0
3051,11151.333333333334
3052,14372.0
3053,11908.0
3054,13062.333333333334
3055,12890.333333333334
3056,11781.666666666666
3057,12453.666666666666
3058,11135.666666666666
3059,12201.666666666666
3060,13434.0
3061,13061.0
3062,11878.0
3063,14729.0
3064,12288.0
3065,14886.333333333334
3066,10625.0
3067,12790.0
3068,11234.333333333334
3069,10959.666666666666
3070,14670.666666666666
3071,13290.333333333334
3072,14254.666666666666
3073,15033.0
3074,11887.666666666666
3075,12526.0
3076,11412.333333333334
3077,12247.666666666666
3078,11041.666666666666
3079,11650.0
3080,11274.666666666666
3081,14392.0
3082,14876.333333333334
3083,13191.0
3084,13731.0
3085,12682.0
3086,11148.666666666666
3087,12584.666666666666
3088,11386.333333333334
3089,11247.333333333334
3090,12313.666666666666
3091,13293.333333333334
3092,10754.0
3093,12891.333333333334
3094,10951.333333333334
3095,12760.333333333334
3096,13658.666666666666
3097,12389.0
3098,12468.333333333334
3099,12111.0
3100,11193.0
3101,11377.666666666666
3102,10963.333333333334
3103,13053.0
3104,11652.0
3105,12168.0
3106,11024.666666666666
3107,11141.333333333334
3108,10856.666666666666
3109,14105.666666666666
3110,10971.333333333334
3111,12272.666666666666
3112,11487.666666666666
3113,13669.333333333334
3114,12807.333333333334
3115,13320.666666666666
3116,13241.666666666666
3117,16023.666666666666
3118,14583.0
3119,16601.666666666668
3120,12490.0
3121,11945.666666666666
3122,11762.666666666666
3123,11782.0
3124,11179.0
3125,11484.333333333334
3126,11887.333333333334
3127,12026.666666666666
3128,11689.0
3129,11049.333333333334
3130,12576.0
3131,11062.0
3132,12623.666666666666
3133,14557.333333333334
3134,15140.0
3135,13192.0
3136,13022.666666666666
3137,11204.333333333334
3138,12725.0
3139,11048.666666666666
3140,12179.0
3141,11378.333333333334
3142,11312.0
3143,11594.333333333334
3144,12600.0
3145,12992.333333333334
3146,12285.333333333334
3147,13466.666666666666
3148,11095.333333333334
3149,11421.666666666666
3150,11518.333333333334
3151,12175.333333333334
3152,11739.666666666666
3153,13221.666666666666
3154,12241.0
3155,11846.333333333334
3156,12198.333333333334
3157,11146.0
3158,11951.0
3159,12826.666666666666
3160,15402.666666666666
3161,11406.333333333334
3162,14522.0
3163,15992.333333333334
3164,13942.0
3165,15061.0
3166,12769.333333333334
3167,12105.333333333334
3168,11806.333333333334
3169,11326.0
3170,11651.0
3171,18342.666666666668
3172,15524.666666666666
3173,14585.333333333334
3174,13751.666666666666
3175,16914.333333333332
3176,14771.0
3177,14840.333333333334
3178,15118.666666666666
3179,11531.0
3180,13031.333333333334
3181,12159.666666666666
3182,11767.666666666666
3183,11146.0
3184,10674.333333333334
3185,11065.666666666666
3186,10249.666666666666
3187,12383.666666666666
3188,12083.666666666666
3189,13384.333333333334
3190,11244.666666666666
3191,11677.666666666666
3192,13363.0
3193,16198.666666666666
3194,13702.666666666666
3195,16782.0
3196,12235.0
3197,12299.0
3198,12854.333333333334
3199,13029.666666666666
3200,13495.0
3201,12107.666666666666
3202,10859.666666666666
3203,9791.666666666666
3204,10856.333333333334
3205,10711.333333333334
3206,11827.0
3207,11968.0
3208,12072.0
3209,11668.0
3210,11585.0
3211,11502.333333333334
3212,12476.666666666666
3213,11199.333333333334
3214,14195.666666666666
3215,11425.333333333334
3216,12351.666666666666
3217,11295.666666666666
3218,10891.666666666666
3219,13519.333333333334
3220,12187.666666666666
3221,12649.333333333334
3222,12738.0
3223,10304.333333333334
3224,11836.333333333334
3225,11457.0
3226,12982.666666666666
3227,13159.333333333334
3228,10696.666666666666
3229,11727.666666666666
3230,11201.333333333334
3231,14050.333333333334
3232,13037.333333333334
3233,11481.666666666666
3234,11310.666666666666
3235,11530.666666666666
3236,10453.0
3237,12035.0
3238,12217.333333333334
3239,11915.666666666666
3240,10666.666666666666
3241,11382.0
3242,11101.333333333334
3243,11797.333333333334
3244,11612.666666666666
3245,12176.0
3246,10452.333333333334
3247,12259.666666666666
3248,13471.666666666666
3249,11232.666666666666
3250,11535.0
3251,15565.0
3252,10216.333333333334
3253,14328.666666666666
3254,12957.0
3255,14450.0
3256,12124.666666666666
3257,13219.333333333334
3258,12459.333333333334
3259,12011.0
3260,12250.333333333334
3261,11553.666666666666
3262,11017.666666666666
3263,11272.0
3264,10569.333333333334
3265,10792.0
3266,10531.0
3267,9579.666666666666
3268,10691.333333333334
3269,11066.666666666666
3270,10398.333333333334
3271,12232.333333333334
3272,13003.666666666666
3273,12391.0
3274,12374.666666666666
3275,12033.666666666666
3276,10916.333333333334
3277,10447.333333333334
3278,10964.666666666666
3279,11044.666666666666
3280,13257.0
3281,10589.0
3282,13073.666666666666
3283,11116.0
3284,13066.333333333334
3285,12482.0
3286,12036.0
3287,11557.0
3288,12526.666666666666
3289,11291.0
3290,12309.666666666666
3291,11355.333333333334
3292,11509.666666666666
3293,13506.666666666666
3294,15491.666666666666
3295,12902.0
3296,13863.0
3297,11013.0
3298,14426.666666666666
3299,11561.333333333334
3300,13101.0
3301,11421.666666666666
3302,12128.0
3303,13930.0
3304,13634.666666666666
3305,13276.333333333334
3306,13199.333333333334
3307,12246.666666666666
3308,12063.666666666666
3309,13160.333333333334
3310,11302.333333333334
3311,12116.333333333334
3312,11608.666666666666
3313,11763.666666666666
3314,15073.666666666666
3315,11789.0
3316,14552.666666666666
3317,12776.666666666666
3318,13880.333333333334
3319,12809.666666666666
3320,13166.0
3321,14433.666666666666
3322,12051.666666666666
3323,12385.0
3324,12778.333333333334
3325,13351.0
3326,12029.0
3327,12829.333333333334
3328,13391.666666666666
3329,11933.0
3330,12555.333333333334
3331,15435.333333333334
3332,11715.666666666666
3333,14049.333333333334
3334,11319.0
3335,12279.0
3336,11020.666666666666
3337,11722.666666666666
3338,11421.333333333334
3339,11402.666666666666
3340,13232.666666666666
3341,12209.0
3342,12362.666666666666
3343,11687.666666666666
3344,12276.333333333334
3345,11241.0
3346,12959.333333333334
3347,11880.333333333334
3348,12886.333333333334
3349,11085.0
3350,11605.0
3351,12089.666666666666
3352,10766.0
3353,13685.0
3354,11195.666666666666
3355,12417.333333333334
3356,12740.666666666666
3357,13021.666666666666
3358,12181.0
3359,11649.0
3360,11521.0
3361,11148.333333333334
3362,12440.0
3363,10912.0
3364,14230.666666666666
3365,12591.666666666666
3366,13597.333333333334
3367,11370.666666666666
3368,12799.666666666666
3369,12509.0
3370,11959.666666666666
3371,11801.0
3372,11904.333333333334
3373,10282.666666666666
3374,10659.333333333334
3375,11060.333333333334
3376,10773.666666666666
3377,12644.666666666666
3378,12053.0
3379,12857.333333333334
3380,16769.666666666668
3381,11549.333333333334
3382,14479.0
3383,11960.0
3384,11960.333333333334
3385,12757.666666666666
3386,12418.0
3387,13018.0
3388,11416.333333333334
3389,11337.0
3390,11622.333333333334
3391,10685.333333333334
3392,12476.333333333334
3393,11745.333333333334
3394,11157.333333333334
3395,12285.333333333334
3396,12313.333333333334
3397,12054.0
3398,12223.333333333334
3399,13268.666666666666
3400,11499.666666666666
3401,11616.666666666666
3402,12253.0
3403,11689.666666666666
3404,11905.666666666666
3405,12408.666666666666
3406,13533.666666666666
3407,16386.333333333332
3408,12169.333333333334
3409,15827.333333333334
3410,13251.0
3411,12089.666666666666
3412,11939.666666666666
3413,12647.0
3414,11439.333333333334
3415,12426.333333333334
3416,12624.333333333334
3417,11586.333333333334
3418,12043.0
3419,11507.0
3420,11965.333333333334
3421,14913.0
3422,12352.666666666666
3423,17704.666666666668
3424,13615.666666666666
3425,15542.666666666666
3426,13191.0
3427,12517.0
3428,14095.666666666666
3429,11547.0
3430,13732.333333333334
3431,11247.666666666666
3432,12943.0
3433,15062.666666666666
3434,10901.666666666666
3435,13138.0
3436,10966.333333333334
3437,11810.333333333334
3438,11531.666666666666
3439,11502.0
3440,16707.666666666668
3441,14106.666666666666
3442,13316.0
3443,11820.0
3444,10339.0
3445,12977.333333333334
3446,11821.333333333334
3447,13029.333333333334
3448,12915.0
3449,11701.666666666666
3450,11616.333333333334
3451,11597.0
3452,10609.666666666666
3453,11201.666666666666
3454,10947.0
3455,11720.333333333334
3456,11513.666666666666
3457,11525.666666666666
3458,11985.0
3459,11936.666666666666
3460,14514.0
3461,11397.666666666666
3462,13003.0
3463,11026.666666666666
3464,11371.0
3465,10741.0
3466,10856.666666666666
3467,12374.666666666666
3468,16238.333333333334
3469,12992.666666666666
3470,13738.333333333334
3471,12954.666666666666
3472,12418.0
3473,17145.666666666668
3474,11491.0
3475,14061.333333333334
3476,10928.333333333334
3477,12392.666666666666
3478,11046.0
3479,12357.333333333334
3480,12463.666666666666
3481,11099.333333333334
3482,11866.333333333334
3483,12132.333333333334
3484,10972.333333333334
3485,11958.0
3486,12065.666666666666
3487,11470.0
3488,12338.333333333334
3489,10916.666666666666
3490,11678.333333333334
3491,10741.666666666666
3492,10979.666666666666
3493,11957.666666666666
3494,10598.666666666666
3495,12412.0
3496,12208.0
3497,10524.666666666666
3498,11843.666666666666
3499,10938.0
3500,10921.0
3501,11879.0
3502,11151.666666666666
3503,13403.666666666666
3504,11498.666666666666
3505,15205.333333333334
3506,13033.0
3507,15859.0
3508,16116.333333333334
3509,15269.0
3510,12696.0
3511,12542.333333333334
3512,13126.333333333334
3513,10585.0
3514,17230.333333333332
3515,10342.333333333334
3516,13340.333333333334
3517,13244.333333333334
3518,11100.0
3519,12736.666666666666
3520,12967.333333333334
3521,11334.0
3522,11750.666666666666
3523,11769.666666666666
3524,14633.333333333334
3525,11388.666666666666
3526,15071.0
3527,13337.0
3528,13202.333333333334
3529,12355.0
3530,11839.0
3531,12285.333333333334
3532,10852.0
3533,11540.333333333334
3534,11005.666666666666
3535,11012.0
3536,12143.333333333334
3537,10826.333333333334
3538,12199.333333333334
3539,12354.333333333334
3540,12115.0
3541,13565.0
3542,11630.0
3543,13262.333333333334
3544,11788.333333333334
3545,11621.666666666666
3546,12884.0
3547,14434.0
3548,13131.666666666666
3549,12790.666666666666
3550,11070.333333333334
3551,11634.0
3552,12264.333333333334
3553,11298.666666666666
3554,14122.333333333334
3555,13092.666666666666
3556,12437.0
3557,11786.333333333334
3558,10878.666666666666
3559,11062.0
3560,12493.333333333334
3561,10965.333333333334
3562,17399.333333333332
3563,11443.333333333334
3564,15108.333333333334
3565,11734.666666666666
3566,14345.333333333334
3567,14000.666666666666
3568,11500.0
3569,11928.333333333334
3570,14918.333333333334
3571,11321.666666666666
3572,13327.333333333334
3573,10796.0
3574,12349.0
3575,11667.333333333334
3576,11712.333333333334
3577,11713.0
3578,11259.333333333334
3579,11592.333333333334
3580,10927.333333333334
3581,11372.0
3582,10901.0
3583,11561.666666666666
3584,10522.666666666666
3585,12965.0
3586,11440.666666666666
3587,12588.333333333334
3588,24067.0
3589,11404.666666666666
3590,20782.666666666668
3591,12527.0
3592,14921.0
3593,13123.666666666666
3594,11978.666666666666
3595,11410.0
3596,11438.0
3597,10848.0
3598,12601.666666666666
3599,10716.333333333334
3600,14726.666666666666
