Time (sec), Avg. Response Time (us), Standard deviation (us)
1,10959.0,6838.35
2,9850.0,4487.65
3,13829.0,20535.56
4,10653.0,6236.39
5,10499.0,6539.96
6,11026.0,6362.31
7,12595.0,14918.15
8,11868.0,16495.04
9,12676.0,16165.69
10,11584.0,10662.34
11,11201.0,9439.77
12,11126.0,8582.5
13,10150.0,4320.59
14,11612.0,15024.06
15,17193.0,59461.74
16,9708.0,5006.93
17,11092.0,10691.84
18,13799.0,22270.43
19,15316.0,27156.49
20,10017.0,5859.12
21,15266.0,37900.26
22,12061.0,15036.28
23,9524.0,4554.07
24,11621.0,5306.99
25,10563.0,5074.78
26,9814.0,4148.9
27,13794.0,12237.07
28,13203.0,20110.83
29,10694.0,5485.13
30,11501.0,14309.67
31,10452.0,5575.86
32,10045.0,8712.73
33,11938.0,15991.49
34,10425.0,7275.53
35,12390.0,17746.42
36,17930.0,46995.12
37,10029.0,4747.12
38,11064.0,6085.16
39,11032.0,7138.01
40,9957.0,6947.67
41,10867.0,7436.55
42,11088.0,8395.47
43,10598.0,6038.58
44,12885.0,12453.24
45,11467.0,11820.06
46,10842.0,10690.57
47,12936.0,9264.26
48,10681.0,5296.04
49,12087.0,15127.6
50,11240.0,5700.33
51,15001.0,19115.57
52,15620.0,27556.36
53,12049.0,9998.17
54,10413.0,4854.49
55,11512.0,7192.59
56,12563.0,16348.96
57,10677.0,5887.33
58,11258.0,7594.72
59,10848.0,5844.94
60,10071.0,5842.43
61,10570.0,6324.48
62,16694.0,25964.92
63,10558.0,6639.53
64,14076.0,14929.53
65,11935.0,15433.93
66,10015.0,4319.6
67,12961.0,16774.01
68,11290.0,14455.49
69,12644.0,17044.14
70,13677.0,24379.58
71,10970.0,6694.4
72,9276.0,4908.26
73,12398.0,16788.69
74,10830.0,17491.38
75,11022.0,7272.77
76,11866.0,24723.36
77,10808.0,6002.61
78,10762.0,8650.46
79,10655.0,5438.76
80,11548.0,9727.61
81,11935.0,9243.07
82,12322.0,18536.11
83,12365.0,21231.84
84,9808.0,6148.08
85,11180.0,11209.64
86,10599.0,4730.79
87,11108.0,7368.49
88,10955.0,6157.58
89,10286.0,4697.58
90,13814.0,24246.74
91,10682.0,6881.48
92,17149.0,31608.47
93,10941.0,6038.1
94,10260.0,4585.46
95,11250.0,8950.96
96,10907.0,6370.74
97,10838.0,6290.2
98,10523.0,5749.64
99,15532.0,38927.4
100,11428.0,8595.87
101,10696.0,5617.27
102,14187.0,19600.55
103,12670.0,19252.12
104,15309.0,35855.68
105,9848.0,6846.87
106,20275.0,66623.51
107,11758.0,10494.9
108,11582.0,8675.02
109,13455.0,19970.29
110,11670.0,10183.86
111,11081.0,6963.35
112,12142.0,7026.47
113,11616.0,7445.28
114,11478.0,8215.2
115,11479.0,10040.1
116,10320.0,4749.89
117,11564.0,7592.64
118,10552.0,5779.35
119,11049.0,5949.85
120,13751.0,14345.85
121,11265.0,7122.09
122,9154.0,5860.66
123,13234.0,21229.25
124,11497.0,12541.89
125,9470.0,5269.83
126,11153.0,6041.63
127,10965.0,10830.95
128,10893.0,11932.81
129,10664.0,5304.67
130,13001.0,12381.9
131,16053.0,29698.42
132,11480.0,17205.26
133,11761.0,6761.19
134,9973.0,6186.49
135,12046.0,20239.87
136,10853.0,10599.23
137,9303.0,5543.78
138,13921.0,21592.63
139,19422.0,30351.53
140,10569.0,9275.67
141,12008.0,17130.79
142,11701.0,10304.54
143,10534.0,5184.88
144,11690.0,8587.68
145,12123.0,13076.92
146,10351.0,5669.17
147,13218.0,21610.62
148,11700.0,9361.38
149,10496.0,7815.73
150,12750.0,26315.38
151,10566.0,9277.06
152,9476.0,9099.91
153,10793.0,8427.74
154,13037.0,18767.87
155,12690.0,22010.19
156,10755.0,5807.36
157,14300.0,21618.25
158,11550.0,8174.62
159,13145.0,16777.45
160,11163.0,7207.18
161,18686.0,38017.72
162,10427.0,4606.74
163,11644.0,7013.38
164,11390.0,10613.4
165,10107.0,5080.95
166,12003.0,9301.27
167,11145.0,11533.95
168,9179.0,8486.87
169,16303.0,24578.5
170,12076.0,9863.96
171,11354.0,12768.89
172,11416.0,6892.04
173,12983.0,17382.4
174,10455.0,6166.69
175,11632.0,7469.21
176,11982.0,9751.37
177,10477.0,5385.03
178,11220.0,6125.9
179,10923.0,4930.4
180,10841.0,5883.7
181,10758.0,5364.5
182,10695.0,5423.1
183,11411.0,10882.1
184,11099.0,10299.62
185,11757.0,10393.06
186,11140.0,7204.28
187,13371.0,16387.5
188,13828.0,15893.07
189,13300.0,19952.43
190,11077.0,6761.07
191,10575.0,6253.35
192,10970.0,7591.94
193,12300.0,18824.85
194,12466.0,8031.49
195,10293.0,5755.74
196,10407.0,6114.52
197,10658.0,6259.32
198,17560.0,42038.34
199,10854.0,5939.19
200,13509.0,21520.16
201,15927.0,48322.05
202,10898.0,6861.5
203,11752.0,10765.59
204,11300.0,7191.77
205,11118.0,5675.19
206,10923.0,6265.59
207,10727.0,6896.51
208,11028.0,6596.53
209,11079.0,6070.66
210,14099.0,23564.29
211,13675.0,18189.14
212,12235.0,14149.26
213,12476.0,12245.25
214,12068.0,7757.85
215,10559.0,5757.26
216,13463.0,19472.14
217,11184.0,6173.83
218,11976.0,11271.27
219,10846.0,6534.64
220,10883.0,6002.82
221,10974.0,5802.77
222,11336.0,5706.97
223,11582.0,8353.4
224,10976.0,5971.01
225,16932.0,32234.84
226,9820.0,5631.83
227,10790.0,5934.28
228,10504.0,4790.2
229,11930.0,10072.65
230,11008.0,7388.06
231,12589.0,10317.36
232,10349.0,5724.08
233,20135.0,48344.35
234,12769.0,17207.26
235,11730.0,14787.52
236,10658.0,5373.4
237,10800.0,6227.31
238,11532.0,9047.26
239,8877.0,5712.17
240,10977.0,6276.98
241,11447.0,11540.26
242,10251.0,11908.53
243,11414.0,6837.87
244,10527.0,5286.32
245,12777.0,16818.26
246,10686.0,5367.68
247,11678.0,7263.38
248,11848.0,7249.81
249,11459.0,7501.09
250,14190.0,19203.52
251,11379.0,5882.49
252,11499.0,9873.05
253,10621.0,6403.66
254,12176.0,8381.51
255,11340.0,15321.24
256,10785.0,8443.85
257,10775.0,8930.17
258,11052.0,11759.17
259,10347.0,4793.73
260,13134.0,14413.32
261,10867.0,6183.97
262,12906.0,19862.24
263,12061.0,14185.13
264,13664.0,18351.4
265,10866.0,10727.17
266,10734.0,5236.31
267,9168.0,5139.57
268,10009.0,7093.62
269,11092.0,6430.15
270,10570.0,5003.41
271,11209.0,6034.39
272,10510.0,4702.37
273,10082.0,4970.57
274,11510.0,7932.36
275,12860.0,21915.59
276,12306.0,8780.46
277,9548.0,8691.83
278,10654.0,5969.7
279,10173.0,5142.65
280,12371.0,18934.74
281,10543.0,6010.88
282,13306.0,22205.56
283,14116.0,18527.8
284,10443.0,7479.96
285,11311.0,6498.86
286,10911.0,6862.29
287,10498.0,5247.9
288,10848.0,5721.15
289,11399.0,8078.35
290,9504.0,7658.22
291,10430.0,5052.91
292,16905.0,46295.8
293,11920.0,22937.37
294,10802.0,10843.41
295,11376.0,9526.85
296,10373.0,5453.88
297,11231.0,8111.09
298,11452.0,13294.94
299,13187.0,22293.07
300,11841.0,12289.16
301,12300.0,13082.52
302,13487.0,23017.81
303,11736.0,14511.08
304,11516.0,18465.48
305,10638.0,4931.84
306,11321.0,17613.77
307,10519.0,5221.29
308,11706.0,13638.58
309,11143.0,12472.48
310,11023.0,6173.88
311,9490.0,5782.19
312,10204.0,9535.81
313,11549.0,6955.28
314,11193.0,5091.45
315,16196.0,19167.39
316,14885.0,18460.14
317,11313.0,8527.31
318,10670.0,5963.76
319,10733.0,8390.51
320,10012.0,4649.69
321,11052.0,7681.32
322,11216.0,7773.44
323,11345.0,8141.23
324,9805.0,5244.38
325,10765.0,5479.56
326,11357.0,9519.29
327,11348.0,9009.98
328,11108.0,6591.67
329,11111.0,6613.19
330,11295.0,8145.34
331,10826.0,5281.57
332,11065.0,8797.32
333,12054.0,11317.63
334,10267.0,5314.49
335,10726.0,6585.3
336,10831.0,6123.47
337,11713.0,8318.72
338,11056.0,5648.24
339,11728.0,10451.57
340,10445.0,4740.25
341,12083.0,12613.53
342,11178.0,6407.32
343,12919.0,13390.63
344,11366.0,7637.0
345,12199.0,10679.51
346,11163.0,6838.05
347,12068.0,10838.89
348,11224.0,6518.72
349,17949.0,33260.16
350,11707.0,12626.45
351,12319.0,9932.03
352,12373.0,11471.48
353,11533.0,9189.81
354,10841.0,5448.2
355,12082.0,9094.25
356,10734.0,5698.2
357,11705.0,8336.1
358,10753.0,5884.51
359,11317.0,7495.92
360,15498.0,28677.22
361,10912.0,6012.03
362,11331.0,8679.04
363,10557.0,5692.68
364,16768.0,40188.59
365,10720.0,6437.0
366,10647.0,5271.14
367,13695.0,16880.38
368,16629.0,45163.42
369,10680.0,6900.92
370,9981.0,5895.02
371,11555.0,8737.9
372,10951.0,7542.88
373,14038.0,25486.03
374,10871.0,5437.3
375,11769.0,13657.89
376,10950.0,10082.26
377,10348.0,5430.73
378,15014.0,20166.04
379,12129.0,10829.6
380,17823.0,35754.54
381,11380.0,23493.42
382,12459.0,9733.3
383,10809.0,6189.01
384,13733.0,28596.69
385,10553.0,5686.99
386,11727.0,9015.88
387,11021.0,9898.27
388,12811.0,15456.76
389,10949.0,5607.05
390,11061.0,8865.87
391,10999.0,6773.38
392,12272.0,11738.3
393,12200.0,11623.77
394,12003.0,10549.33
395,12601.0,12716.67
396,11135.0,6146.13
397,11488.0,10603.95
398,12108.0,17025.84
399,13299.0,18362.44
400,11787.0,10463.6
401,13975.0,18074.7
402,11679.0,8179.38
403,12157.0,9158.38
404,12686.0,11904.15
405,11767.0,11103.95
406,14527.0,19057.56
407,11135.0,6264.39
408,10684.0,4452.14
409,11288.0,5067.23
410,11494.0,7702.58
411,11824.0,13270.87
412,14333.0,32453.22
413,12441.0,13173.18
414,10984.0,8692.88
415,10595.0,6930.29
416,12884.0,21486.25
417,10107.0,5522.61
418,12888.0,17947.01
419,10455.0,5033.29
420,12006.0,13345.58
421,11224.0,7084.77
422,11004.0,6466.69
423,12717.0,12327.4
424,11990.0,11575.18
425,14741.0,22630.03
426,11088.0,5896.96
427,11461.0,7971.0
428,11436.0,7888.07
429,10348.0,5185.93
430,9591.0,5094.69
431,10920.0,6453.52
432,11285.0,8594.2
433,11123.0,7613.35
434,12093.0,12516.2
435,11015.0,9256.02
436,10555.0,5084.98
437,12732.0,15560.36
438,11501.0,9686.54
439,11149.0,7224.07
440,10707.0,5378.05
441,11081.0,6107.75
442,10396.0,5177.51
443,9917.0,6356.48
444,11228.0,8136.09
445,14540.0,20472.08
446,9593.0,8469.72
447,11354.0,19225.07
448,10295.0,8175.2
449,11329.0,8276.0
450,9449.0,7300.63
451,10731.0,5546.52
452,10745.0,16878.95
453,10481.0,6600.84
454,11535.0,6543.12
455,9462.0,4683.3
456,11200.0,10177.86
457,14255.0,29836.63
458,10957.0,5677.32
459,10840.0,5632.75
460,12925.0,15939.29
461,12481.0,18460.28
462,9999.0,5520.23
463,9870.0,4702.77
464,10155.0,12176.12
465,11059.0,6736.49
466,9926.0,6336.6
467,10509.0,8557.89
468,13219.0,21238.2
469,10949.0,7022.29
470,11570.0,8797.86
471,16582.0,36566.49
472,12105.0,9341.06
473,12070.0,13193.72
474,21866.0,58611.21
475,10265.0,6851.79
476,10265.0,5681.8
477,10446.0,4575.51
478,11529.0,10353.44
479,11633.0,10590.97
480,10397.0,6679.7
481,12101.0,14910.3
482,10592.0,6550.46
483,12800.0,20411.19
484,10782.0,6058.58
485,11927.0,10979.06
486,17609.0,34483.34
487,10913.0,7447.97
488,10299.0,4877.73
489,11688.0,9615.67
490,11195.0,7032.96
491,12139.0,12956.7
492,10561.0,5826.89
493,12774.0,11201.57
494,11199.0,13005.71
495,12713.0,11218.33
496,11114.0,8707.66
497,11500.0,8411.78
498,11557.0,6320.95
499,11138.0,6615.52
500,12511.0,11194.37
501,10853.0,6799.93
502,10667.0,6204.97
503,11555.0,9658.2
504,10468.0,5357.44
505,10399.0,5310.54
506,10168.0,4530.79
507,12630.0,11650.44
508,11612.0,12340.3
509,11131.0,7350.76
510,10987.0,5653.38
511,11450.0,14224.54
512,12398.0,12243.27
513,12389.0,11670.69
514,10684.0,6232.11
515,14694.0,20961.16
516,12097.0,16388.12
517,8622.0,5866.67
518,11523.0,7134.59
519,10886.0,5169.96
520,15454.0,30396.25
521,11376.0,8125.66
522,10853.0,6323.58
523,10537.0,4927.78
524,11759.0,12695.76
525,10392.0,5005.78
526,13201.0,15048.87
527,11320.0,15745.1
528,11569.0,17904.35
529,11218.0,7065.08
530,12468.0,10953.17
531,11781.0,12852.64
532,13645.0,20743.35
533,11157.0,11756.0
534,11272.0,7669.48
535,10380.0,6277.61
536,12552.0,17064.24
537,10333.0,4846.13
538,11494.0,10535.96
539,11878.0,8222.35
540,10627.0,6054.01
541,13770.0,25348.94
542,12478.0,13791.19
543,10860.0,7001.44
544,10063.0,6611.32
545,15042.0,22834.71
546,10001.0,5063.64
547,11201.0,5679.29
548,11775.0,11433.6
549,15173.0,19801.9
550,21467.0,44375.92
551,15235.0,27945.41
552,11355.0,10747.24
553,10077.0,5534.93
554,11058.0,6163.42
555,11207.0,6791.95
556,11415.0,6952.42
557,11949.0,11820.59
558,11820.0,12700.82
559,16628.0,38637.99
560,11654.0,10062.48
561,13458.0,22878.23
562,12246.0,8764.89
563,14166.0,22516.37
564,11082.0,7173.1
565,11431.0,9593.05
566,10223.0,6543.64
567,10415.0,4795.71
568,11534.0,9334.73
569,12853.0,23816.15
570,14287.0,22220.41
571,10861.0,5705.63
572,15191.0,32815.07
573,11715.0,14203.48
574,12964.0,9861.19
575,10955.0,11830.83
576,10909.0,5734.1
577,10773.0,6414.02
578,13009.0,16434.21
579,15261.0,30168.18
580,11293.0,9265.11
581,14481.0,29789.27
582,11206.0,12860.88
583,15113.0,22777.48
584,16463.0,28471.62
585,12247.0,15215.85
586,10356.0,8532.32
587,11218.0,6690.49
588,10911.0,5746.52
589,12769.0,13487.55
590,12604.0,10447.59
591,22146.0,79655.16
592,10974.0,5923.87
593,11964.0,7767.13
594,11187.0,6335.7
595,10771.0,6665.9
596,10545.0,5250.14
597,10382.0,6079.72
598,11828.0,8619.44
599,12049.0,9938.21
600,11282.0,6986.56
601,11181.0,6031.05
602,10756.0,5782.55
603,12981.0,12931.02
604,11637.0,7484.47
605,11078.0,7275.36
606,13173.0,12874.31
607,12267.0,12632.84
608,10715.0,5692.8
609,13898.0,29358.7
610,11352.0,7362.61
611,12172.0,11901.43
612,10588.0,6980.37
613,10737.0,5435.49
614,10482.0,6824.81
615,12728.0,10708.23
616,10718.0,5360.49
617,10480.0,5545.37
618,11672.0,7524.5
619,10776.0,5183.66
620,14178.0,22642.32
621,10589.0,5328.91
622,11599.0,9808.18
623,10672.0,4850.56
624,11525.0,11076.64
625,13046.0,20783.22
626,12981.0,10804.76
627,16320.0,44149.76
628,13952.0,18758.37
629,10395.0,5067.65
630,11216.0,7295.69
631,10052.0,4930.77
632,10388.0,5345.78
633,15109.0,20747.03
634,15533.0,26844.24
635,12182.0,7718.87
636,10861.0,7571.56
637,11821.0,10053.08
638,10514.0,12881.52
639,10463.0,5473.96
640,11614.0,8877.75
641,13360.0,13494.65
642,11924.0,8417.39
643,10977.0,7052.49
644,12032.0,9037.4
645,10905.0,5773.87
646,11200.0,5508.46
647,15769.0,30494.99
648,14129.0,24771.78
649,10356.0,7005.99
650,11422.0,6959.29
651,10918.0,6933.61
652,10835.0,6075.45
653,10573.0,5823.62
654,12644.0,13480.71
655,11069.0,7457.82
656,10789.0,6235.04
657,11909.0,9162.91
658,11009.0,7572.68
659,10798.0,6356.77
660,10597.0,5265.61
661,15842.0,26228.37
662,14372.0,23838.74
663,12564.0,17320.4
664,11178.0,14217.15
665,10703.0,7659.5
666,11245.0,7001.2
667,11042.0,7335.56
668,11333.0,9405.64
669,10410.0,5618.04
670,11234.0,7284.55
671,12161.0,12220.62
672,13415.0,13148.28
673,10845.0,7334.76
674,13924.0,19440.3
675,11862.0,10442.72
676,11162.0,7467.37
677,10940.0,6393.94
678,10145.0,4635.51
679,11203.0,7752.13
680,13623.0,21244.53
681,11342.0,6661.12
682,15654.0,23190.22
683,14402.0,31775.49
684,11476.0,10966.22
685,20807.0,41268.75
686,11063.0,7553.85
687,11784.0,9167.64
688,10141.0,5888.13
689,10619.0,6113.05
690,10498.0,5941.63
691,12487.0,19262.54
692,11090.0,8886.31
693,12791.0,12736.0
694,10842.0,5567.41
695,10998.0,9369.9
696,10098.0,4507.24
697,11027.0,6686.55
698,11162.0,6819.0
699,10425.0,5036.17
700,13775.0,18261.57
701,10443.0,5161.24
702,10454.0,5715.08
703,11525.0,7553.76
704,13790.0,23660.92
705,10460.0,5529.08
706,12353.0,18045.97
707,10134.0,5257.9
708,11642.0,10661.42
709,10635.0,5833.89
710,11027.0,6919.17
711,16793.0,30988.77
712,10444.0,5216.52
713,10950.0,9301.08
714,12359.0,14915.69
715,11260.0,11532.3
716,11655.0,17211.62
717,10772.0,11422.44
718,11012.0,10855.8
719,10012.0,5890.18
720,10170.0,6940.89
721,11687.0,9319.88
722,12525.0,17910.58
723,10668.0,5708.88
724,12373.0,10817.29
725,11726.0,13787.53
726,10887.0,6393.11
727,10264.0,9020.9
728,11274.0,9257.95
729,13376.0,18209.33
730,10482.0,7091.92
731,11984.0,12495.6
732,12608.0,14199.43
733,10078.0,5776.24
734,11211.0,5988.61
735,10300.0,5239.8
736,12186.0,17420.39
737,11353.0,7184.31
738,12059.0,21626.08
739,14044.0,23027.37
740,11636.0,7467.85
741,11858.0,25873.97
742,11217.0,9069.03
743,10379.0,5028.43
744,11112.0,8885.24
745,12356.0,10360.83
746,10535.0,5105.23
747,21109.0,77171.81
748,10655.0,5252.41
749,12032.0,17788.22
750,10935.0,11705.66
751,11560.0,11380.09
752,11271.0,7913.43
753,12241.0,17916.8
754,11167.0,7833.97
755,10645.0,5247.56
756,11828.0,9071.0
757,12346.0,12236.58
758,9874.0,6750.52
759,10666.0,4981.14
760,10371.0,5037.82
761,12445.0,8092.31
762,10806.0,5731.08
763,10776.0,10416.24
764,9247.0,5840.56
765,10770.0,5782.25
766,10811.0,5542.24
767,11079.0,6550.23
768,17724.0,34386.44
769,12813.0,18741.96
770,9344.0,5714.42
771,10920.0,6246.99
772,12575.0,15052.84
773,10950.0,14448.55
774,10207.0,4813.51
775,12876.0,12383.36
776,10419.0,8108.17
777,11118.0,8736.52
778,11121.0,6565.13
779,10936.0,9460.64
780,9941.0,7386.63
781,11312.0,13087.64
782,10588.0,6349.41
783,11287.0,9455.9
784,17940.0,34289.98
785,11610.0,12333.53
786,20874.0,49726.26
787,10256.0,10059.34
788,11505.0,8888.83
789,12502.0,16278.49
790,11320.0,6017.67
791,10457.0,5228.56
792,10778.0,9807.06
793,10638.0,11650.25
794,10818.0,10612.91
795,10877.0,5315.36
796,11404.0,11394.78
797,11089.0,13194.91
798,11152.0,10845.1
799,11132.0,6471.75
800,11492.0,11000.51
801,12320.0,17242.81
802,32367.0,75009.0
803,10130.0,5561.75
804,9958.0,6408.69
805,12256.0,25224.51
806,11399.0,8077.35
807,14710.0,17821.29
808,10593.0,6177.09
809,11626.0,9494.91
810,9638.0,5234.74
811,11455.0,7399.23
812,10515.0,5561.91
813,14860.0,29328.85
814,13434.0,16805.85
815,11623.0,13876.98
816,11610.0,9622.94
817,11714.0,11899.06
818,9722.0,4791.8
819,15364.0,21963.15
820,13207.0,16928.11
821,12208.0,13207.0
822,13731.0,18770.38
823,12834.0,14168.75
824,11894.0,10753.52
825,12322.0,12289.32
826,11227.0,5786.83
827,13929.0,18274.33
828,11318.0,11609.19
829,10848.0,17660.06
830,10852.0,7084.77
831,12125.0,11172.56
832,11620.0,9157.71
833,10903.0,7546.66
834,11588.0,7809.71
835,10631.0,5151.23
836,12389.0,10134.71
837,12345.0,10813.97
838,10807.0,5710.25
839,11569.0,8060.54
840,11446.0,7434.39
841,11856.0,8956.2
842,10796.0,6147.32
843,11097.0,5412.9
844,12693.0,15309.95
845,10984.0,8251.15
846,13287.0,14806.14
847,12393.0,11864.49
848,14304.0,32597.37
849,10594.0,5470.78
850,10923.0,5640.02
851,10114.0,4812.22
852,12374.0,11493.19
853,10367.0,4754.51
854,15541.0,23929.11
855,10362.0,4842.08
856,10361.0,4896.09
857,11370.0,6974.44
858,13068.0,21444.64
859,10879.0,5046.19
860,11149.0,11755.64
861,11201.0,6594.74
862,12556.0,15234.52
863,13041.0,16812.55
864,14881.0,22230.84
865,10151.0,5093.19
866,12427.0,14255.5
867,10427.0,8297.65
868,10959.0,7115.47
869,10327.0,5175.52
870,11291.0,7634.16
871,11379.0,8753.34
872,11385.0,13373.48
873,10694.0,5703.41
874,11350.0,9278.48
875,10786.0,5396.86
876,11216.0,7288.1
877,10074.0,5491.31
878,13906.0,20147.5
879,11103.0,5944.51
880,10830.0,6688.21
881,9298.0,5881.68
882,11088.0,7123.26
883,11986.0,9587.28
884,12071.0,10564.53
885,12984.0,18586.86
886,13142.0,21445.89
887,9707.0,6634.02
888,10429.0,6257.1
889,11653.0,10063.97
890,11712.0,11844.57
891,13581.0,19734.23
892,10539.0,6099.71
893,12014.0,13630.52
894,9992.0,5272.66
895,10691.0,11407.74
896,11308.0,13850.88
897,11204.0,7419.96
898,10634.0,9128.01
899,11719.0,14196.41
900,15411.0,34251.09
901,10945.0,8716.39
902,11646.0,11283.16
903,10895.0,5525.56
904,11790.0,10585.7
905,9828.0,4486.13
906,11458.0,6816.96
907,11219.0,7564.9
908,14787.0,27245.82
909,11351.0,8546.31
910,10481.0,4727.15
911,10441.0,5168.26
912,15170.0,28997.16
913,12252.0,14494.4
914,13558.0,17820.81
915,10558.0,10145.45
916,12157.0,13976.11
917,12899.0,23752.34
918,10724.0,5809.25
919,13223.0,13070.02
920,12751.0,21090.75
921,11874.0,8888.11
922,11305.0,7098.01
923,9192.0,5524.62
924,10820.0,5794.7
925,10606.0,5963.05
926,11038.0,6738.85
927,12006.0,21770.35
928,10418.0,12132.32
929,10790.0,5351.18
930,12053.0,13082.58
931,14550.0,30972.42
932,10950.0,6074.36
933,10891.0,15764.11
934,11796.0,12506.91
935,13528.0,25501.86
936,10696.0,7115.75
937,13042.0,23378.17
938,13790.0,15931.51
939,12759.0,17608.33
940,10723.0,8009.43
941,12052.0,11979.49
942,8506.0,5198.95
943,9444.0,5412.76
944,9538.0,4985.59
945,9278.0,8881.11
946,11059.0,9187.65
947,10936.0,7876.49
948,11638.0,11197.37
949,10722.0,6218.49
950,10831.0,7051.62
951,14829.0,27853.34
952,9590.0,6301.4
953,10986.0,6768.27
954,9885.0,5668.54
955,13007.0,15535.28
956,11667.0,8235.7
957,8978.0,5247.98
958,11442.0,19409.09
959,10572.0,5494.53
960,11557.0,6378.53
961,12333.0,11751.44
962,24759.0,66467.06
963,13424.0,38520.91
964,11111.0,8492.62
965,11915.0,13273.12
966,15721.0,22036.79
967,10396.0,5290.55
968,9831.0,5853.41
969,15018.0,32327.98
970,10604.0,8119.14
971,10340.0,6896.87
972,10077.0,11433.15
973,10486.0,7290.84
974,10787.0,5871.81
975,13519.0,18945.82
976,10427.0,6381.75
977,10359.0,4965.08
978,11787.0,11388.58
979,11005.0,6342.22
980,11865.0,15660.38
981,10723.0,5925.46
982,11652.0,10307.43
983,10934.0,6985.91
984,10764.0,6417.33
985,12976.0,15513.11
986,11204.0,8252.74
987,11093.0,11110.81
988,11386.0,12721.41
989,9365.0,4537.51
990,11677.0,15286.9
991,10857.0,19097.63
992,10490.0,7801.71
993,10556.0,8450.07
994,10713.0,6277.14
995,11023.0,8370.91
996,10432.0,4932.0
997,11051.0,9030.74
998,11357.0,9912.87
999,15503.0,28445.27
1000,11574.0,8958.74
1001,10709.0,5607.94
1002,10044.0,7362.02
1003,12594.0,21347.72
1004,11467.0,7000.44
1005,12029.0,22917.2
1006,10768.0,6910.79
1007,12904.0,16486.79
1008,12663.0,19601.59
1009,11218.0,7448.18
1010,12142.0,9117.02
1011,12089.0,16740.03
1012,13381.0,26140.76
1013,11359.0,8479.69
1014,10273.0,7069.14
1015,10651.0,5001.37
1016,10706.0,5242.98
1017,10962.0,8087.18
1018,11195.0,9358.89
1019,10639.0,5261.2
1020,11184.0,7512.12
1021,14830.0,22472.39
1022,13926.0,24464.03
1023,10394.0,6649.21
1024,14131.0,23861.9
1025,10109.0,5172.74
1026,11073.0,7825.53
1027,11242.0,8528.1
1028,10296.0,5169.57
1029,10303.0,6068.64
1030,16295.0,28433.73
1031,13522.0,13656.46
1032,16691.0,21969.02
1033,13180.0,18307.17
1034,14164.0,15904.32
1035,13856.0,18132.12
1036,13984.0,18980.37
1037,8703.0,4374.5
1038,11575.0,18502.17
1039,14609.0,34675.23
1040,11603.0,7856.47
1041,10489.0,5635.56
1042,10526.0,8580.67
1043,10706.0,11248.14
1044,10887.0,6316.82
1045,11131.0,6180.74
1046,10099.0,5097.24
1047,14007.0,28667.84
1048,12833.0,13975.76
1049,11264.0,7314.62
1050,12909.0,17505.44
1051,11875.0,14315.65
1052,11332.0,9054.02
1053,10241.0,5875.76
1054,11968.0,7712.75
1055,11275.0,6192.97
1056,12563.0,12569.79
1057,12800.0,19836.92
1058,10153.0,5299.0
1059,10581.0,5949.17
1060,11115.0,10612.71
1061,13307.0,30128.85
1062,11139.0,7306.24
1063,11478.0,9456.5
1064,11364.0,11047.97
1065,12966.0,13746.73
1066,10958.0,7732.31
1067,11466.0,7287.89
1068,12180.0,10296.72
1069,10986.0,6491.0
1070,12155.0,8305.53
1071,11597.0,8711.41
1072,11677.0,9694.87
1073,13094.0,18383.56
1074,13556.0,28209.52
1075,16647.0,26723.43
1076,10657.0,7066.7
1077,12018.0,10131.71
1078,12227.0,15350.48
1079,13626.0,15789.74
1080,14544.0,27739.22
1081,10362.0,5223.61
1082,12685.0,20723.05
1083,10676.0,5568.35
1084,10711.0,6019.86
1085,13025.0,22811.0
1086,10679.0,5764.09
1087,11043.0,6391.7
1088,10872.0,6009.23
1089,13591.0,18586.05
1090,12343.0,9377.96
1091,12209.0,12112.35
1092,11009.0,8351.86
1093,11325.0,5576.54
1094,10984.0,7453.83
1095,12232.0,16059.69
1096,11057.0,6736.48
1097,10659.0,6129.66
1098,10910.0,6500.54
1099,12420.0,15439.8
1100,12468.0,10322.68
1101,15169.0,30504.55
1102,12157.0,14969.54
1103,11255.0,7499.99
1104,13492.0,21103.92
1105,9974.0,6036.09
1106,12011.0,16043.68
1107,15450.0,31061.3
1108,9933.0,4422.06
1109,13097.0,18210.78
1110,11718.0,9617.17
1111,11645.0,12816.44
1112,11299.0,5982.64
1113,13490.0,18345.16
1114,12557.0,15582.42
1115,12491.0,10832.36
1116,13524.0,24871.48
1117,15560.0,24260.39
1118,13331.0,22533.9
1119,11000.0,10511.45
1120,10735.0,5924.54
1121,10185.0,4631.02
1122,10259.0,5255.13
1123,10918.0,5637.89
1124,13002.0,21651.96
1125,10813.0,6089.79
1126,13048.0,16293.05
1127,11364.0,5899.82
1128,10808.0,6917.28
1129,10991.0,5856.08
1130,10664.0,8755.85
1131,11122.0,5291.99
1132,11079.0,7426.49
1133,13406.0,15554.58
1134,11384.0,11471.8
1135,10887.0,6233.36
1136,11204.0,6500.03
1137,12131.0,16669.48
1138,16769.0,34078.63
1139,10575.0,11585.7
1140,10060.0,8513.18
1141,12759.0,18982.2
1142,9877.0,5397.39
1143,10635.0,5448.66
1144,12785.0,17203.44
1145,11500.0,16493.88
1146,11715.0,11609.99
1147,11720.0,13583.77
1148,11981.0,10734.43
1149,10090.0,7963.47
1150,10150.0,5524.86
1151,10679.0,7875.5
1152,11712.0,10757.24
1153,12719.0,19684.55
1154,12403.0,16203.73
1155,11933.0,12655.06
1156,13737.0,24661.45
1157,11077.0,6177.74
1158,11398.0,8155.53
1159,12484.0,13974.98
1160,13894.0,21833.54
1161,11438.0,13022.51
1162,11022.0,8453.87
1163,10599.0,6460.82
1164,9843.0,11555.79
1165,13551.0,22395.69
1166,11981.0,10732.89
1167,11676.0,6794.33
1168,11581.0,11250.06
1169,11456.0,14149.14
1170,11045.0,7977.21
1171,12481.0,17538.84
1172,10326.0,10732.11
1173,10345.0,6482.3
1174,27022.0,101815.43
1175,9277.0,6318.14
1176,10333.0,5433.62
1177,9262.0,4540.98
1178,15276.0,50597.36
1179,10061.0,4627.35
1180,9946.0,4746.25
1181,10332.0,6123.12
1182,11230.0,11685.59
1183,15127.0,29402.27
1184,10492.0,5575.03
1185,10305.0,6179.02
1186,11652.0,11636.52
1187,11563.0,9312.98
1188,11429.0,11266.76
1189,10129.0,5001.28
1190,14449.0,17352.78
1191,11088.0,6594.33
1192,10816.0,8052.21
1193,13744.0,20289.29
1194,13684.0,21194.89
1195,10902.0,6522.16
1196,10513.0,7271.76
1197,9996.0,8770.83
1198,12151.0,13795.82
1199,13038.0,21871.2
1200,12657.0,23853.83
1201,13955.0,26325.34
1202,11798.0,13195.03
1203,15601.0,34460.31
1204,11033.0,7276.0
1205,10384.0,5601.03
1206,11447.0,10127.22
1207,15703.0,33106.98
1208,13688.0,21483.51
1209,11351.0,10496.53
1210,12218.0,10652.08
1211,11195.0,10237.35
1212,11217.0,10333.68
1213,12360.0,8339.86
1214,10401.0,6452.62
1215,15439.0,41140.95
1216,10511.0,6171.32
1217,11430.0,8449.38
1218,11325.0,6637.07
1219,12378.0,14523.64
1220,13586.0,24859.28
1221,11183.0,5549.58
1222,10148.0,4474.64
1223,10502.0,7994.95
1224,12099.0,13536.67
1225,11706.0,15818.45
1226,10665.0,12834.62
1227,11822.0,13112.55
1228,13339.0,19172.68
1229,10856.0,6646.53
1230,11803.0,11256.01
1231,11901.0,13763.02
1232,10976.0,7998.51
1233,10488.0,5449.15
1234,11537.0,7704.36
1235,13491.0,26714.11
1236,11093.0,7425.8
1237,10533.0,6740.86
1238,12921.0,22456.39
1239,13425.0,17913.09
1240,10415.0,5100.16
1241,10088.0,4661.82
1242,11395.0,10002.93
1243,17981.0,29946.29
1244,16182.0,28047.94
1245,11257.0,6401.2
1246,10714.0,5956.18
1247,11731.0,13203.61
1248,12316.0,14364.77
1249,10914.0,5930.61
1250,10577.0,5316.88
1251,13223.0,12690.29
1252,15228.0,27308.34
1253,10923.0,6956.42
1254,12816.0,16084.6
1255,11725.0,11821.99
1256,13207.0,20753.57
1257,14335.0,28537.75
1258,11009.0,6341.26
1259,10642.0,6105.92
1260,10973.0,6157.95
1261,10220.0,5297.82
1262,12299.0,15847.28
1263,13484.0,27344.43
1264,11836.0,10698.52
1265,10855.0,7557.27
1266,11398.0,10739.31
1267,11135.0,8113.88
1268,10654.0,4837.61
1269,11344.0,6234.31
1270,11037.0,7314.25
1271,11160.0,8299.05
1272,10494.0,5679.78
1273,18708.0,31145.5
1274,10799.0,8266.54
1275,12070.0,11499.39
1276,13157.0,22772.3
1277,11064.0,7044.02
1278,10986.0,8811.78
1279,11386.0,7881.36
1280,11323.0,7289.56
1281,12107.0,15465.01
1282,12739.0,9175.68
1283,10740.0,7014.75
1284,11107.0,6712.84
1285,10798.0,6053.56
1286,10930.0,6419.91
1287,11966.0,26815.73
1288,13679.0,23080.3
1289,10369.0,5655.8
1290,11251.0,6300.2
1291,11793.0,7825.82
1292,11041.0,7073.18
1293,10971.0,6410.86
1294,13201.0,20767.78
1295,10743.0,5263.21
1296,11722.0,7082.95
1297,10942.0,6787.54
1298,11700.0,8662.32
1299,15366.0,32052.45
1300,11120.0,6125.74
1301,13727.0,19314.84
1302,10475.0,5799.11
1303,13886.0,20523.72
1304,13772.0,22436.31
1305,11196.0,6293.23
1306,13011.0,24833.4
1307,14714.0,29431.22
1308,10117.0,4838.92
1309,12301.0,11967.6
1310,11965.0,9355.95
1311,11435.0,8391.38
1312,13176.0,18153.15
1313,13451.0,22226.64
1314,12714.0,21691.53
1315,10537.0,5215.95
1316,10063.0,6831.26
1317,11125.0,9726.11
1318,11371.0,11700.46
1319,11249.0,7801.91
1320,10246.0,6155.61
1321,12189.0,8281.72
1322,13590.0,18388.61
1323,10355.0,6643.77
1324,16130.0,39535.93
1325,10775.0,5951.02
1326,18585.0,41540.08
1327,9778.0,7221.38
1328,17400.0,40519.46
1329,10946.0,8923.78
1330,11635.0,9371.83
1331,14079.0,21479.57
1332,12494.0,17664.45
1333,8319.0,5404.87
1334,10787.0,14398.42
1335,17070.0,31386.93
1336,12159.0,7381.6
1337,14002.0,23278.69
1338,11307.0,5297.72
1339,12989.0,11590.97
1340,10191.0,4946.41
1341,13572.0,19017.01
1342,10594.0,6264.84
1343,10939.0,5411.89
1344,12835.0,16107.25
1345,12757.0,9512.85
1346,11059.0,6930.61
1347,11120.0,7471.42
1348,12928.0,15563.02
1349,11242.0,6583.9
1350,12657.0,12144.58
1351,10569.0,6143.35
1352,10933.0,5742.74
1353,14818.0,25498.88
1354,11119.0,5615.3
1355,13711.0,24876.45
1356,12071.0,13417.77
1357,11351.0,7861.94
1358,12708.0,17480.79
1359,15793.0,24068.32
1360,12217.0,11580.64
1361,10248.0,5614.45
1362,10661.0,7182.49
1363,11263.0,8857.53
1364,16347.0,53610.8
1365,11094.0,6325.1
1366,12666.0,17776.4
1367,11515.0,6870.29
1368,10457.0,5080.92
1369,10773.0,5952.3
1370,10858.0,10824.12
1371,10681.0,5893.62
1372,13388.0,24068.85
1373,10485.0,5969.09
1374,11429.0,8723.42
1375,9877.0,6185.39
1376,12612.0,19481.78
1377,13522.0,18590.93
1378,14134.0,17352.15
1379,10463.0,4427.95
1380,11592.0,12188.38
1381,11297.0,8911.49
1382,11816.0,10217.36
1383,11754.0,18142.38
1384,18106.0,54461.26
1385,11006.0,10411.9
1386,9964.0,5608.87
1387,10630.0,8361.36
1388,16383.0,41248.37
1389,12436.0,18832.5
1390,10293.0,4628.15
1391,14401.0,23026.59
1392,18103.0,38491.38
1393,13147.0,18044.25
1394,11761.0,15680.73
1395,10520.0,5879.5
1396,11410.0,8247.67
1397,13863.0,22500.82
1398,10946.0,4464.71
1399,12575.0,21116.3
1400,13531.0,21926.05
1401,11410.0,8715.0
1402,11765.0,9663.63
1403,10778.0,6447.35
1404,11026.0,6403.64
1405,13014.0,16803.37
1406,10145.0,4591.86
1407,11843.0,8647.39
1408,11211.0,6988.86
1409,11045.0,7297.86
1410,10638.0,5465.69
1411,12058.0,11784.49
1412,10335.0,5926.54
1413,10632.0,5732.19
1414,9619.0,6499.96
1415,8901.0,5136.78
1416,12027.0,7160.24
1417,12770.0,23563.04
1418,14344.0,21420.51
1419,11273.0,8668.24
1420,14303.0,17142.34
1421,11404.0,8028.87
1422,11279.0,8227.65
1423,10190.0,6144.22
1424,10507.0,5514.51
1425,10845.0,6883.02
1426,10875.0,5008.51
1427,10714.0,5671.32
1428,15269.0,45041.49
1429,11598.0,7543.73
1430,12705.0,21362.44
1431,11942.0,9936.77
1432,10673.0,6708.32
1433,10760.0,6494.36
1434,9888.0,7618.02
1435,11420.0,7367.06
1436,12415.0,14806.2
1437,13142.0,19137.81
1438,10673.0,5691.25
1439,14671.0,35801.19
1440,10808.0,6950.5
1441,13839.0,23833.77
1442,12113.0,7897.57
1443,9127.0,6384.18
1444,20168.0,54242.03
1445,14186.0,18169.58
1446,12270.0,12659.99
1447,10271.0,5185.26
1448,11426.0,7360.69
1449,11607.0,14525.6
1450,13585.0,33999.07
1451,11300.0,12057.64
1452,10928.0,8609.46
1453,10972.0,6893.19
1454,11404.0,7074.76
1455,11789.0,11472.59
1456,16707.0,37341.96
1457,11394.0,8260.91
1458,10389.0,4754.41
1459,12115.0,14060.52
1460,11455.0,15107.74
1461,13058.0,14645.17
1462,10958.0,5800.97
1463,11281.0,7570.75
1464,10934.0,6953.99
1465,12790.0,11649.22
1466,10169.0,5281.7
1467,10697.0,6372.66
1468,11042.0,6019.72
1469,9561.0,7632.31
1470,10660.0,5432.09
1471,14083.0,14231.13
1472,11405.0,5697.66
1473,10977.0,4842.84
1474,10310.0,5921.08
1475,10814.0,8641.45
1476,10908.0,5735.13
1477,11227.0,10141.28
1478,10433.0,6006.33
1479,11272.0,6985.38
1480,10761.0,6308.82
1481,10601.0,6159.31
1482,13546.0,24515.67
1483,16847.0,30547.1
1484,12325.0,10857.78
1485,10311.0,6796.59
1486,11293.0,19176.82
1487,12388.0,13584.44
1488,11811.0,7552.12
1489,11056.0,7443.05
1490,13021.0,12207.96
1491,10413.0,5082.2
1492,12800.0,11676.2
1493,11184.0,9579.21
1494,14840.0,31028.08
1495,10740.0,5372.12
1496,12579.0,18139.0
1497,17353.0,36448.48
1498,11197.0,9708.05
1499,9782.0,6555.8
1500,10998.0,7767.67
1501,11464.0,11889.4
1502,10882.0,13270.21
1503,10768.0,7039.1
1504,12535.0,13983.19
1505,12328.0,5363.21
1506,12311.0,17549.3
1507,12101.0,17131.01
1508,10504.0,5572.08
1509,12404.0,12933.13
1510,14723.0,25419.59
1511,13760.0,16091.98
1512,11701.0,9214.53
1513,14037.0,28359.68
1514,10945.0,8652.16
1515,11202.0,7371.09
1516,10916.0,5882.18
1517,11929.0,10284.23
1518,13452.0,20906.16
1519,12107.0,21578.05
1520,11441.0,8855.56
1521,13873.0,17603.07
1522,11039.0,8678.78
1523,10040.0,4829.53
1524,10481.0,7135.64
1525,12355.0,19876.12
1526,11304.0,8287.37
1527,11276.0,8824.18
1528,11617.0,8402.87
1529,11620.0,11005.6
1530,10787.0,5649.69
1531,15161.0,31786.47
1532,13706.0,16419.36
1533,10378.0,5620.06
1534,9686.0,5035.2
1535,10353.0,5077.53
1536,10020.0,5498.92
1537,17231.0,30663.46
1538,10916.0,5720.33
1539,11592.0,7537.23
1540,11445.0,10466.03
1541,12739.0,20877.95
1542,12220.0,13901.86
1543,12403.0,13589.98
1544,13761.0,26400.7
1545,11247.0,6407.98
1546,10492.0,5908.61
1547,10896.0,9003.25
1548,23319.0,111610.86
1549,12973.0,18699.72
1550,12211.0,14128.4
1551,12664.0,17924.36
1552,10510.0,6111.34
1553,10185.0,5281.15
1554,12808.0,14786.95
1555,10013.0,4949.4
1556,11316.0,13578.88
1557,14049.0,17982.66
1558,13165.0,24251.56
1559,13330.0,26150.56
1560,15333.0,38264.44
1561,11416.0,11135.95
1562,10566.0,7638.24
1563,10413.0,6821.4
1564,10445.0,6075.88
1565,12663.0,18387.19
1566,11102.0,7874.46
1567,11861.0,11312.16
1568,11563.0,10808.03
1569,10661.0,8438.89
1570,10894.0,6661.34
1571,10264.0,4279.39
1572,11046.0,8060.93
1573,11224.0,6164.03
1574,11298.0,10749.04
1575,11787.0,9793.69
1576,14475.0,23121.55
1577,10204.0,7481.51
1578,14080.0,42277.33
1579,9416.0,6129.8
1580,10828.0,7527.84
1581,10250.0,5868.83
1582,11168.0,6637.32
1583,12251.0,10628.39
1584,12674.0,12187.03
1585,10388.0,5103.3
1586,10777.0,5419.05
1587,13083.0,15721.4
1588,11956.0,12180.15
1589,9635.0,6792.55
1590,15240.0,23094.83
1591,12116.0,15950.65
1592,11889.0,10586.36
1593,11381.0,7674.24
1594,11939.0,7795.12
1595,11286.0,8122.68
1596,20007.0,40614.53
1597,12588.0,17510.8
1598,10647.0,5467.89
1599,11047.0,6813.42
1600,12003.0,8470.72
1601,11918.0,18352.6
1602,10038.0,4246.9
1603,12168.0,12744.03
1604,12372.0,16648.71
1605,12003.0,11223.14
1606,9652.0,7833.68
1607,10801.0,6439.73
1608,10336.0,4927.69
1609,13067.0,12269.03
1610,12592.0,13538.01
1611,10847.0,7059.15
1612,12213.0,12420.45
1613,13926.0,28924.55
1614,13942.0,28759.59
1615,11614.0,17531.49
1616,11748.0,18028.41
1617,11519.0,6940.49
1618,13569.0,16224.76
1619,10212.0,5051.49
1620,10362.0,5197.06
1621,11141.0,6273.62
1622,10531.0,4953.98
1623,11865.0,10254.46
1624,10871.0,5341.62
1625,12154.0,10245.3
1626,11454.0,7729.15
1627,10405.0,5385.21
1628,13974.0,16268.8
1629,10785.0,7555.23
1630,12073.0,14358.61
1631,11015.0,5216.78
1632,10870.0,8356.28
1633,11499.0,8742.79
1634,10225.0,4497.12
1635,10962.0,6737.96
1636,11795.0,22118.53
1637,10879.0,6312.77
1638,10229.0,4559.31
1639,12015.0,10418.63
1640,11121.0,6228.74
1641,18733.0,44261.34
1642,10823.0,5772.77
1643,12700.0,14909.53
1644,10857.0,5489.79
1645,12361.0,16190.7
1646,11913.0,12092.75
1647,12121.0,10136.26
1648,14226.0,33625.23
1649,11657.0,11444.03
1650,12842.0,13215.79
1651,13683.0,23003.31
1652,11571.0,9469.58
1653,10734.0,5599.24
1654,12302.0,14897.97
1655,12553.0,15606.4
1656,13076.0,23998.43
1657,13202.0,22571.29
1658,14259.0,20006.86
1659,14017.0,20361.77
1660,10552.0,4959.57
1661,11940.0,8830.65
1662,11405.0,7073.7
1663,14223.0,29254.55
1664,11817.0,11138.5
1665,11843.0,11929.55
1666,11256.0,6366.12
1667,10713.0,5791.69
1668,12043.0,11566.93
1669,14662.0,23379.17
1670,12020.0,8025.65
1671,12007.0,17750.02
1672,10323.0,5069.28
1673,11783.0,13352.87
1674,11818.0,11210.48
1675,13438.0,17566.18
1676,11221.0,9880.84
1677,11649.0,10252.72
1678,10616.0,5667.49
1679,10634.0,8810.06
1680,10921.0,10684.78
1681,10909.0,8859.01
1682,11507.0,7738.06
1683,10560.0,6749.58
1684,10772.0,7137.67
1685,14232.0,21643.83
1686,13142.0,17215.36
1687,14638.0,24436.29
1688,11683.0,7010.19
1689,10866.0,5708.28
1690,11658.0,6687.36
1691,10212.0,4687.81
1692,13845.0,19835.09
1693,9706.0,5731.92
1694,11712.0,14677.13
1695,11019.0,6088.57
1696,14312.0,17490.93
1697,10775.0,6255.8
1698,11285.0,14056.52
1699,11370.0,6641.14
1700,13240.0,17809.9
1701,13239.0,17816.91
1702,14211.0,28566.13
1703,15378.0,38854.15
1704,11491.0,8789.95
1705,11553.0,6861.23
1706,12675.0,22002.05
1707,13194.0,15403.92
1708,11587.0,6567.07
1709,12753.0,17474.79
1710,11659.0,6869.74
1711,10849.0,7174.67
1712,14393.0,27105.03
1713,10379.0,4761.83
1714,12685.0,15521.89
1715,17006.0,38908.18
1716,11874.0,9459.55
1717,12362.0,18562.09
1718,11221.0,6322.53
1719,11945.0,13130.91
1720,11422.0,8606.1
1721,13970.0,19605.7
1722,13755.0,19787.51
1723,11089.0,7735.39
1724,14324.0,24141.87
1725,11678.0,11244.3
1726,9805.0,6379.39
1727,11712.0,10431.66
1728,11214.0,7412.87
1729,12910.0,22656.82
1730,10879.0,6128.21
1731,12452.0,17276.13
1732,10197.0,4994.84
1733,13641.0,24154.48
1734,12155.0,22618.47
1735,10982.0,5795.99
1736,13128.0,14786.18
1737,11604.0,13116.99
1738,11115.0,7221.3
1739,13608.0,24639.32
1740,10835.0,6260.57
1741,11398.0,9844.87
1742,16760.0,34901.86
1743,14526.0,30801.39
1744,11328.0,6696.56
1745,10292.0,5306.29
1746,13093.0,21814.67
1747,10598.0,8823.06
1748,11005.0,6304.53
1749,12263.0,8431.56
1750,11054.0,5855.51
1751,12847.0,21103.63
1752,12380.0,21970.23
1753,15010.0,42819.9
1754,10969.0,5440.39
1755,10054.0,5961.11
1756,16388.0,28398.15
1757,10973.0,8525.27
1758,10567.0,5598.63
1759,11007.0,8176.13
1760,11418.0,11254.31
1761,13342.0,16692.47
1762,11582.0,14566.01
1763,9137.0,4674.4
1764,12031.0,20982.92
1765,11190.0,7239.14
1766,10519.0,4789.65
1767,11362.0,5962.2
1768,11013.0,5739.1
1769,11234.0,9494.43
1770,11655.0,13888.71
1771,12225.0,10804.96
1772,13687.0,21645.51
1773,14621.0,24334.81
1774,9402.0,5813.58
1775,10352.0,7761.84
1776,12732.0,13555.25
1777,11806.0,10080.39
1778,11724.0,7286.58
1779,11638.0,7020.05
1780,10982.0,5865.99
1781,11886.0,19443.75
1782,11474.0,13038.14
1783,11155.0,5704.69
1784,12656.0,16356.08
1785,12068.0,10144.01
1786,10861.0,6616.91
1787,10707.0,7936.21
1788,10572.0,5220.94
1789,11480.0,8939.76
1790,10433.0,4709.6
1791,11195.0,6815.91
1792,9079.0,5583.09
1793,10244.0,4815.44
1794,12868.0,16803.98
1795,13017.0,12633.05
1796,12141.0,10327.73
1797,28590.0,84454.9
1798,13650.0,16685.42
1799,14224.0,21259.89
1800,10376.0,5547.19
1801,10642.0,5535.14
1802,10717.0,6343.61
1803,10636.0,11591.32
1804,10660.0,7705.95
1805,11303.0,6204.81
1806,10360.0,4647.02
1807,11618.0,7940.58
1808,12083.0,8729.91
1809,10552.0,5536.3
1810,12624.0,13114.29
1811,10606.0,5871.78
1812,11190.0,8689.05
1813,12280.0,17762.26
1814,10751.0,6539.51
1815,10609.0,5950.9
1816,12800.0,12201.66
1817,10199.0,7255.76
1818,13954.0,16472.48
1819,11656.0,9224.18
1820,15043.0,18016.04
1821,10950.0,5885.94
1822,12772.0,12612.1
1823,9767.0,8829.28
1824,15199.0,29454.06
1825,13906.0,20018.44
1826,12823.0,15833.45
1827,11633.0,5783.63
1828,11639.0,7925.44
1829,12959.0,16795.1
1830,10895.0,6185.73
1831,10985.0,6139.29
1832,18369.0,79177.44
1833,11098.0,9853.18
1834,13848.0,22559.06
1835,10719.0,13626.05
1836,15398.0,36240.59
1837,11085.0,7492.57
1838,10226.0,4782.52
1839,10681.0,6301.81
1840,10220.0,7250.6
1841,12188.0,13037.03
1842,10252.0,5899.7
1843,11039.0,20946.81
1844,10724.0,5831.47
1845,10089.0,15040.2
1846,10499.0,6480.02
1847,10481.0,12367.52
1848,12930.0,15876.84
1849,10700.0,10603.23
1850,10003.0,7064.09
1851,10313.0,4879.88
1852,11959.0,11649.24
1853,11297.0,8634.88
1854,10346.0,5332.79
1855,12019.0,9968.66
1856,13429.0,25880.58
1857,14920.0,22448.33
1858,9958.0,5133.54
1859,10530.0,13219.23
1860,10464.0,5978.5
1861,9464.0,13097.32
1862,13001.0,18736.24
1863,12255.0,12911.71
1864,11571.0,7653.17
1865,12261.0,14643.54
1866,13517.0,24484.97
1867,16218.0,37148.42
1868,10658.0,6702.83
1869,10908.0,6084.15
1870,10152.0,5227.86
1871,9932.0,4935.27
1872,10851.0,9975.11
1873,9512.0,5769.22
1874,11275.0,7681.69
1875,10234.0,5106.98
1876,10924.0,6878.84
1877,10569.0,6707.56
1878,10844.0,5984.77
1879,14119.0,30691.6
1880,9754.0,8388.6
1881,12626.0,17655.21
1882,12211.0,20068.7
1883,10588.0,8284.71
1884,10917.0,6916.64
1885,10663.0,6384.77
1886,13126.0,20211.39
1887,10617.0,5074.19
1888,14539.0,19918.26
1889,10268.0,5516.6
1890,10767.0,6359.76
1891,10879.0,5629.23
1892,15036.0,36320.72
1893,14382.0,29868.27
1894,12346.0,10404.11
1895,11664.0,14832.37
1896,10342.0,5890.17
1897,12029.0,10486.53
1898,11643.0,8896.17
1899,10400.0,6662.36
1900,12920.0,15522.66
1901,11233.0,7897.96
1902,12207.0,17178.51
1903,12515.0,7860.25
1904,11201.0,7537.72
1905,9796.0,5526.18
1906,12344.0,12491.39
1907,10429.0,4913.89
1908,12305.0,11833.71
1909,10824.0,8469.07
1910,11713.0,7405.47
1911,10634.0,4612.31
1912,16372.0,31022.04
1913,12751.0,17407.22
1914,13371.0,19491.92
1915,10463.0,5015.65
1916,10441.0,4762.93
1917,10585.0,8675.8
1918,17111.0,33367.08
1919,10727.0,4771.0
1920,14549.0,28712.36
1921,10642.0,6443.32
1922,12541.0,15977.94
1923,14293.0,19502.66
1924,10668.0,5702.81
1925,10940.0,7760.0
1926,10985.0,6229.59
1927,12892.0,18583.78
1928,11398.0,6996.36
1929,14302.0,27822.92
1930,11862.0,8950.72
1931,11205.0,14261.79
1932,11360.0,9766.98
1933,11626.0,10026.83
1934,12799.0,16051.12
1935,11148.0,6498.38
1936,15132.0,21408.98
1937,10571.0,7426.23
1938,11924.0,8916.53
1939,16570.0,44641.43
1940,11471.0,14153.12
1941,12198.0,14522.09
1942,13090.0,15727.28
1943,10389.0,4983.32
1944,10271.0,6194.33
1945,11983.0,11214.4
1946,10893.0,6187.58
1947,13655.0,19479.8
1948,21478.0,40575.13
1949,10958.0,12446.42
1950,10069.0,4962.2
1951,10848.0,9135.99
1952,10427.0,6123.96
1953,11866.0,15434.26
1954,10755.0,10779.91
1955,12414.0,9589.94
1956,13312.0,15175.03
1957,10092.0,5778.52
1958,10568.0,12612.49
1959,10995.0,9068.8
1960,9283.0,5389.16
1961,9924.0,6722.39
1962,10070.0,4978.94
1963,14342.0,24844.33
1964,11631.0,11110.84
1965,11418.0,7304.48
1966,13022.0,19196.95
1967,11179.0,6083.45
1968,10382.0,5416.96
1969,10368.0,5382.21
1970,11864.0,10638.61
1971,10321.0,4729.11
1972,12675.0,19501.16
1973,14089.0,21749.85
1974,11465.0,9035.87
1975,13992.0,22177.16
1976,10594.0,6467.35
1977,10611.0,4686.47
1978,11155.0,6712.47
1979,11302.0,8171.13
1980,10647.0,4655.83
1981,11341.0,7721.56
1982,10060.0,5110.76
1983,10062.0,5606.79
1984,11965.0,10895.22
1985,13026.0,16257.65
1986,18525.0,35595.31
1987,13468.0,18440.62
1988,14438.0,28793.96
1989,11152.0,6540.98
1990,11354.0,8920.17
1991,9956.0,4693.1
1992,12412.0,12183.17
1993,11183.0,6118.74
1994,11323.0,7779.54
1995,11472.0,8078.02
1996,11498.0,11657.43
1997,11422.0,9202.07
1998,11076.0,6594.99
1999,13144.0,24162.3
2000,10708.0,9047.22
2001,10672.0,6305.36
2002,11377.0,6725.0
2003,11341.0,10624.85
2004,11068.0,10419.29
2005,11563.0,8708.58
2006,12846.0,14766.27
2007,11426.0,7941.53
2008,10648.0,5374.17
2009,15779.0,32501.15
2010,13696.0,14931.08
2011,11277.0,6555.82
2012,10815.0,6020.89
2013,10635.0,5552.75
2014,12650.0,14369.83
2015,11115.0,5336.18
2016,10736.0,5050.35
2017,10523.0,6173.06
2018,10857.0,5955.08
2019,11543.0,7553.71
2020,14867.0,28401.04
2021,12696.0,14282.03
2022,12559.0,16041.22
2023,11908.0,9922.82
2024,11545.0,9054.31
2025,10995.0,7977.39
2026,11874.0,14769.41
2027,13553.0,16653.69
2028,11152.0,6922.82
2029,12070.0,20579.01
2030,12675.0,16158.11
2031,10915.0,5294.41
2032,10650.0,4887.56
2033,16492.0,29085.79
2034,11527.0,13791.54
2035,12813.0,21488.96
2036,10173.0,4331.59
2037,13166.0,23331.89
2038,11539.0,7204.49
2039,11017.0,7955.61
2040,12505.0,13500.02
2041,14035.0,22972.27
2042,11586.0,8271.69
2043,10421.0,5728.33
2044,11096.0,10698.55
2045,13449.0,20049.73
2046,13059.0,24085.47
2047,10434.0,5523.91
2048,10765.0,6890.91
2049,10851.0,5820.32
2050,11402.0,21166.47
2051,10541.0,5114.66
2052,10461.0,9505.53
2053,13166.0,21607.56
2054,10737.0,5487.42
2055,12532.0,12794.21
2056,10601.0,5095.7
2057,13025.0,17783.45
2058,12805.0,19686.46
2059,11884.0,9036.81
2060,11579.0,10898.54
2061,10440.0,5077.25
2062,14137.0,23565.9
2063,11061.0,7261.46
2064,11803.0,7995.8
2065,11185.0,12797.0
2066,10210.0,5354.36
2067,11840.0,8918.94
2068,10741.0,8883.36
2069,10239.0,5476.51
2070,10842.0,6544.36
2071,11025.0,5407.99
2072,11706.0,14465.93
2073,10932.0,7423.43
2074,11805.0,11073.2
2075,9805.0,5825.3
2076,13559.0,24897.59
2077,9805.0,4838.15
2078,16291.0,47906.98
2079,9342.0,5859.58
2080,12596.0,10192.45
2081,11712.0,11453.26
2082,12762.0,16179.55
2083,12387.0,15486.24
2084,10714.0,9057.61
2085,10666.0,7678.74
2086,11027.0,12512.07
2087,10000.0,5580.89
2088,13731.0,27355.26
2089,12841.0,9980.5
2090,10212.0,6796.74
2091,12703.0,15902.08
2092,10736.0,7037.26
2093,10612.0,6157.52
2094,10051.0,4947.69
2095,11851.0,12185.55
2096,9606.0,7423.73
2097,13021.0,13794.98
2098,50731.0,122539.89
2099,14804.0,33986.89
2100,9618.0,5222.41
2101,10840.0,10134.93
2102,10825.0,7508.75
2103,12731.0,17261.34
2104,10708.0,5848.17
2105,23548.0,88888.91
2106,11312.0,9599.52
2107,10753.0,6425.26
2108,15383.0,27722.56
2109,13356.0,24559.22
2110,14359.0,29874.46
2111,13479.0,20753.37
2112,9010.0,5806.06
2113,14268.0,24238.59
2114,11536.0,11536.32
2115,10090.0,4588.43
2116,9296.0,5897.62
2117,11048.0,11003.39
2118,10771.0,6717.63
2119,11066.0,14313.03
2120,14318.0,19219.94
2121,8271.0,4471.18
2122,10386.0,5255.07
2123,11601.0,13982.29
2124,10996.0,6936.73
2125,16952.0,35060.07
2126,14146.0,27301.24
2127,10448.0,12089.08
2128,11994.0,18018.12
2129,11273.0,15344.51
2130,14621.0,27614.78
2131,11911.0,12153.85
2132,11420.0,7680.76
2133,13962.0,18080.63
2134,12890.0,17734.95
2135,11621.0,16701.84
2136,13298.0,24052.05
2137,9946.0,4677.39
2138,10521.0,6021.48
2139,12368.0,11678.21
2140,10783.0,5633.88
2141,11071.0,9610.91
2142,10170.0,5826.86
2143,13197.0,9396.76
2144,15999.0,31560.4
2145,12603.0,14456.93
2146,12518.0,20596.52
2147,14112.0,38413.34
2148,10235.0,4742.18
2149,10392.0,4716.0
2150,13334.0,18199.81
2151,18744.0,38168.96
2152,10294.0,11808.6
2153,11111.0,8376.8
2154,10532.0,7506.56
2155,10962.0,10968.73
2156,12609.0,16121.05
2157,9912.0,6507.37
2158,13853.0,27657.41
2159,11697.0,14467.38
2160,11600.0,9997.23
2161,12092.0,6740.35
2162,14075.0,27220.17
2163,15870.0,37825.15
2164,9859.0,5221.04
2165,12753.0,22390.75
2166,13084.0,18219.43
2167,10867.0,11610.97
2168,11120.0,9055.42
2169,12717.0,17319.02
2170,11779.0,16545.09
2171,10084.0,5534.8
2172,12440.0,17526.95
2173,10409.0,5154.37
2174,12217.0,11416.81
2175,11513.0,24467.7
2176,11175.0,6346.61
2177,16926.0,35414.02
2178,11068.0,14097.68
2179,10712.0,13476.18
2180,14146.0,29466.64
2181,10389.0,4863.59
2182,10931.0,5752.13
2183,10621.0,7673.84
2184,14218.0,22009.34
2185,11314.0,6365.29
2186,10998.0,7023.29
2187,13723.0,28615.39
2188,10621.0,4769.86
2189,11197.0,5736.55
2190,14673.0,32246.83
2191,13119.0,15389.47
2192,10662.0,7095.02
2193,15765.0,39681.73
2194,12849.0,17698.33
2195,10712.0,5317.35
2196,11128.0,7894.58
2197,11940.0,9983.73
2198,10122.0,5696.96
2199,11152.0,7107.35
2200,11044.0,7401.21
2201,12757.0,19353.04
2202,12627.0,13912.49
2203,12006.0,14056.62
2204,10800.0,6526.03
2205,12414.0,13686.65
2206,14218.0,17946.83
2207,11149.0,6734.26
2208,11446.0,7905.27
2209,12669.0,22547.14
2210,10533.0,5004.28
2211,10611.0,5984.59
2212,10545.0,6409.29
2213,10472.0,5309.74
2214,15103.0,22744.04
2215,11261.0,16600.82
2216,12936.0,14534.31
2217,13501.0,21964.82
2218,10132.0,4840.53
2219,11020.0,9822.46
2220,13767.0,22654.97
2221,13726.0,20098.25
2222,12207.0,13164.47
2223,11268.0,6060.05
2224,11687.0,13295.9
2225,10811.0,6244.2
2226,11941.0,12603.94
2227,13886.0,17484.84
2228,11085.0,7179.32
2229,16764.0,30970.08
2230,10636.0,6321.24
2231,11436.0,10832.89
2232,10875.0,6763.2
2233,14215.0,24048.37
2234,10058.0,4445.82
2235,11480.0,8206.98
2236,11427.0,7020.68
2237,10926.0,9438.83
2238,13194.0,15664.77
2239,11176.0,6672.12
2240,12063.0,18594.25
2241,11224.0,10165.76
2242,11116.0,7635.96
2243,10378.0,5926.06
2244,12122.0,20711.63
2245,11492.0,7461.52
2246,10338.0,4975.45
2247,17620.0,40581.8
2248,11628.0,10077.6
2249,10347.0,5590.71
2250,10141.0,5360.62
2251,10870.0,6387.09
2252,14575.0,23136.86
2253,12077.0,10583.77
2254,11429.0,13060.7
2255,12753.0,23867.96
2256,12087.0,13180.82
2257,11378.0,8217.68
2258,11827.0,10827.84
2259,9989.0,5261.08
2260,10261.0,6948.47
2261,10511.0,5407.1
2262,11382.0,7325.97
2263,10628.0,5265.53
2264,11846.0,20160.5
2265,13910.0,33383.13
2266,12338.0,12113.46
2267,11961.0,13239.71
2268,10545.0,5351.61
2269,13375.0,13734.46
2270,12386.0,16261.01
2271,11143.0,7282.43
2272,11597.0,14264.53
2273,12479.0,12219.51
2274,10824.0,5932.32
2275,10361.0,5095.19
2276,13016.0,16700.9
2277,10998.0,12915.71
2278,12730.0,5842.64
2279,10551.0,4882.93
2280,10708.0,9367.96
2281,14773.0,30510.59
2282,12250.0,12442.97
2283,10370.0,14957.78
2284,9905.0,6347.99
2285,12853.0,17110.38
2286,11837.0,8580.14
2287,14617.0,22216.86
2288,11057.0,6259.78
2289,10520.0,4766.59
2290,10690.0,5462.93
2291,11803.0,11063.46
2292,12268.0,13020.22
2293,15947.0,28259.97
2294,11423.0,10369.56
2295,13559.0,14100.35
2296,10582.0,6714.25
2297,11102.0,7061.43
2298,13259.0,16801.71
2299,12427.0,18515.22
2300,10410.0,5507.65
2301,11875.0,10360.16
2302,10720.0,5919.77
2303,10744.0,5943.81
2304,12777.0,17532.13
2305,14153.0,25932.73
2306,13568.0,23290.48
2307,10867.0,6219.55
2308,16179.0,36276.03
2309,14275.0,26644.54
2310,10884.0,5925.36
2311,11102.0,7982.47
2312,17037.0,24721.2
2313,10712.0,6648.98
2314,11578.0,6939.95
2315,15814.0,39566.21
2316,10686.0,6965.54
2317,12672.0,13247.68
2318,11616.0,6685.94
2319,12876.0,15837.01
2320,21109.0,52376.47
2321,11343.0,6618.34
2322,10679.0,6226.84
2323,10434.0,5881.91
2324,12066.0,13804.77
2325,10880.0,7169.15
2326,17439.0,32091.6
2327,10476.0,8989.7
2328,10911.0,9688.98
2329,12555.0,14042.13
2330,11159.0,6833.57
2331,16997.0,29610.93
2332,10879.0,6128.77
2333,10345.0,12349.88
2334,10763.0,7601.96
2335,11003.0,6195.86
2336,12155.0,15082.4
2337,12246.0,18165.4
2338,10349.0,4937.58
2339,11162.0,6085.51
2340,17678.0,68337.57
2341,15569.0,28766.9
2342,13319.0,21685.39
2343,12368.0,11378.31
2344,11563.0,17815.19
2345,12769.0,21233.36
2346,12885.0,13387.43
2347,10285.0,5956.77
2348,13046.0,18030.07
2349,10077.0,6338.86
2350,11301.0,13645.18
2351,13201.0,16642.18
2352,16319.0,42149.29
2353,10906.0,7079.75
2354,13693.0,24509.2
2355,12305.0,13558.79
2356,11360.0,7508.42
2357,9101.0,5285.66
2358,12140.0,14134.0
2359,11070.0,6603.71
2360,8962.0,5418.29
2361,11830.0,9743.86
2362,11557.0,12997.53
2363,10106.0,5168.42
2364,10879.0,5646.35
2365,12666.0,16214.9
2366,11205.0,5855.74
2367,14844.0,16033.91
2368,11353.0,6074.59
2369,12755.0,18429.52
2370,11837.0,8245.09
2371,11500.0,7810.31
2372,12116.0,9836.21
2373,10351.0,6200.96
2374,15343.0,32615.95
2375,11998.0,11019.95
2376,14151.0,35353.94
2377,10117.0,5555.0
2378,9654.0,5639.14
2379,8990.0,8235.21
2380,11071.0,7160.95
2381,10402.0,4827.83
2382,11067.0,5789.61
2383,14402.0,22982.8
2384,16802.0,31503.88
2385,11679.0,11172.16
2386,10621.0,6168.71
2387,14485.0,23570.56
2388,10645.0,5202.02
2389,15088.0,25596.66
2390,13758.0,19133.62
2391,11081.0,7152.72
2392,11885.0,12996.02
2393,9304.0,5511.14
2394,14976.0,30251.27
2395,10468.0,8622.23
2396,12806.0,32418.47
2397,10570.0,11684.32
2398,12410.0,15489.81
2399,11239.0,9580.45
2400,13295.0,25508.76
2401,9915.0,4822.29
2402,11863.0,9483.71
2403,12028.0,13448.82
2404,14008.0,18545.22
2405,15461.0,31322.19
2406,12487.0,11211.06
2407,10758.0,5383.99
2408,9606.0,4465.96
2409,10609.0,5856.85
2410,11533.0,9466.28
2411,11821.0,10269.02
2412,10047.0,4748.55
2413,9904.0,5157.9
2414,10030.0,4567.96
2415,11607.0,12190.08
2416,13532.0,21438.29
2417,10308.0,4939.75
2418,9142.0,4829.75
2419,11360.0,19380.56
2420,11909.0,7908.16
2421,10341.0,5016.19
2422,10413.0,5954.31
2423,12179.0,11269.54
2424,11927.0,7938.86
2425,15003.0,20690.96
2426,13991.0,27846.59
2427,11282.0,8529.97
2428,11636.0,8957.75
2429,13246.0,17631.15
2430,11980.0,10504.9
2431,12155.0,10520.47
2432,13463.0,19560.56
2433,12979.0,16295.09
2434,16308.0,28885.24
2435,15795.0,43326.46
2436,15335.0,42263.42
2437,14457.0,22851.02
2438,11581.0,13903.27
2439,14978.0,24111.36
2440,12881.0,22752.7
2441,11622.0,10440.88
2442,13773.0,31802.5
2443,13963.0,22519.51
2444,12386.0,14316.17
2445,10878.0,7322.24
2446,10423.0,5711.44
2447,10063.0,5854.89
2448,14041.0,15315.85
2449,11377.0,10856.91
2450,14338.0,21303.35
2451,13259.0,22690.57
2452,10741.0,5151.72
2453,12064.0,12380.63
2454,11312.0,6021.19
2455,12851.0,12696.31
2456,11186.0,5003.19
2457,10650.0,5559.63
2458,10291.0,5320.96
2459,10735.0,5215.62
2460,10780.0,5267.3
2461,11022.0,7755.7
2462,11468.0,6074.01
2463,11560.0,10697.28
2464,10666.0,5606.49
2465,17563.0,41953.73
2466,11472.0,11436.84
2467,14032.0,21118.61
2468,10870.0,7312.25
2469,12101.0,6569.75
2470,15597.0,27173.53
2471,13596.0,24443.53
2472,10940.0,7219.33
2473,11874.0,10727.86
2474,10437.0,5640.79
2475,10933.0,6151.06
2476,11623.0,8840.65
2477,10523.0,5582.97
2478,11707.0,9581.38
2479,11707.0,9176.13
2480,11463.0,9013.86
2481,15989.0,28721.81
2482,12773.0,15524.61
2483,11624.0,13757.94
2484,10961.0,6935.26
2485,11619.0,11627.14
2486,10198.0,4571.28
2487,11822.0,9620.12
2488,11592.0,6689.14
2489,10576.0,4513.23
2490,10704.0,5307.53
2491,10406.0,5890.13
2492,11133.0,7202.36
2493,11695.0,11394.79
2494,12492.0,17289.84
2495,12035.0,17852.24
2496,11241.0,13920.04
2497,12371.0,12017.52
2498,9926.0,8369.47
2499,11135.0,12251.64
2500,20919.0,30955.25
2501,15197.0,31117.57
2502,13808.0,24592.5
2503,9750.0,4839.78
2504,13654.0,23726.55
2505,15192.0,28051.59
2506,10521.0,5649.58
2507,10712.0,4669.89
2508,11441.0,6862.49
2509,16659.0,35466.56
2510,12997.0,14328.85
2511,12176.0,19018.13
2512,10768.0,5994.51
2513,17048.0,34370.15
2514,11603.0,9811.22
2515,13167.0,26609.27
2516,9402.0,5116.75
2517,16510.0,24420.3
2518,10384.0,6565.23
2519,15399.0,36468.29
2520,13455.0,13672.53
2521,9697.0,5485.24
2522,11872.0,10471.23
2523,11171.0,6199.99
2524,13316.0,22192.41
2525,12459.0,13684.56
2526,10295.0,4497.51
2527,9982.0,5062.13
2528,12687.0,21506.29
2529,10762.0,5342.69
2530,11514.0,11926.82
2531,11694.0,12239.01
2532,13413.0,19785.98
2533,10673.0,5635.49
2534,10663.0,5313.88
2535,11043.0,7747.73
2536,10468.0,6495.02
2537,10839.0,5842.71
2538,11297.0,6012.22
2539,16050.0,43049.83
2540,10614.0,7067.48
2541,11963.0,22363.56
2542,10091.0,4879.03
2543,11134.0,6819.92
2544,11971.0,13503.16
2545,10739.0,6700.98
2546,10264.0,4814.22
2547,10479.0,5535.33
2548,12877.0,15774.03
2549,12311.0,7756.18
2550,10318.0,5992.98
2551,10534.0,5503.56
2552,10557.0,7015.56
2553,11620.0,19853.69
2554,10230.0,4751.38
2555,11717.0,10087.92
2556,11684.0,7768.98
2557,9672.0,4691.62
2558,15711.0,28098.78
2559,11509.0,15192.77
2560,10966.0,8317.95
2561,11501.0,8785.5
2562,14739.0,23325.32
2563,11954.0,8427.14
2564,10234.0,5325.63
2565,15579.0,26233.54
2566,11564.0,7566.32
2567,14495.0,16432.43
2568,11262.0,6160.27
2569,13804.0,19229.97
2570,10582.0,6693.33
2571,12266.0,14067.2
2572,11912.0,8585.52
2573,11683.0,12627.65
2574,10748.0,6126.4
2575,13174.0,17402.84
2576,11221.0,6687.62
2577,15858.0,21884.1
2578,11649.0,7388.05
2579,11649.0,9540.73
2580,10970.0,10168.88
2581,12964.0,13858.5
2582,11963.0,13275.13
2583,13803.0,17670.74
2584,12910.0,14968.76
2585,14153.0,18330.41
2586,11851.0,11751.24
2587,12268.0,9278.83
2588,10484.0,5082.92
2589,12142.0,8453.83
2590,12460.0,18539.2
2591,10887.0,5491.76
2592,11572.0,6908.7
2593,11726.0,13030.77
2594,13983.0,21122.15
2595,10373.0,7236.78
2596,22118.0,50773.0
2597,15230.0,28958.82
2598,10408.0,4890.85
2599,13019.0,15858.4
2600,13012.0,24107.8
2601,14354.0,39062.42
2602,13384.0,19342.01
2603,10849.0,6629.45
2604,10871.0,4919.61
2605,13293.0,18876.43
2606,10165.0,4591.56
2607,12500.0,17607.54
2608,12159.0,11464.74
2609,14754.0,21405.8
2610,10225.0,4192.39
2611,20023.0,51391.53
2612,10943.0,5240.36
2613,11901.0,11826.46
2614,12125.0,8787.13
2615,10652.0,5867.88
2616,14224.0,20581.86
2617,11670.0,12659.86
2618,10506.0,5952.53
2619,9968.0,4287.22
2620,11742.0,11362.43
2621,11282.0,7902.98
2622,10779.0,6225.13
2623,11884.0,6307.91
2624,15393.0,28716.56
2625,11511.0,10699.25
2626,10776.0,5741.37
2627,11410.0,9681.33
2628,11278.0,7460.72
2629,10682.0,4771.36
2630,11307.0,8196.18
2631,11023.0,5846.08
2632,9520.0,6090.86
2633,9952.0,6776.23
2634,10657.0,6222.62
2635,13854.0,25163.16
2636,20252.0,44384.45
2637,10800.0,7743.1
2638,9979.0,4658.28
2639,12793.0,14640.77
2640,11064.0,6834.14
2641,11238.0,12157.41
2642,12409.0,17346.58
2643,11747.0,11786.95
2644,11097.0,7959.36
2645,12052.0,13935.65
2646,10471.0,5523.84
2647,13698.0,17506.7
2648,13014.0,15604.98
2649,9954.0,4818.69
2650,13882.0,26796.7
2651,11941.0,9767.89
2652,13461.0,20486.89
2653,11568.0,9848.1
2654,11622.0,6070.99
2655,10555.0,5406.74
2656,10501.0,5216.15
2657,19346.0,35222.76
2658,14481.0,22379.51
2659,10392.0,5188.0
2660,10692.0,4573.94
2661,11470.0,5989.23
2662,10357.0,5706.91
2663,11208.0,5816.47
2664,10167.0,7056.1
2665,10733.0,6478.27
2666,10779.0,6197.42
2667,11575.0,8256.54
2668,10586.0,5865.6
2669,13424.0,22630.5
2670,11176.0,7488.04
2671,10724.0,5613.9
2672,14443.0,20116.05
2673,10428.0,5685.72
2674,10051.0,7175.4
2675,13110.0,22558.59
2676,11971.0,13969.72
2677,11867.0,7470.8
2678,11515.0,6491.49
2679,11342.0,11252.27
2680,11950.0,14058.21
2681,11528.0,6936.31
2682,11900.0,15404.59
2683,12483.0,13941.16
2684,13111.0,17254.65
2685,10641.0,9806.51
2686,11200.0,8666.2
2687,11779.0,11578.84
2688,10374.0,5655.71
2689,11426.0,8764.43
2690,10933.0,5842.19
2691,10571.0,5960.32
2692,14320.0,20070.91
2693,11995.0,14823.71
2694,9914.0,4717.16
2695,11723.0,14419.19
2696,10877.0,6078.81
2697,10393.0,5623.59
2698,10299.0,6999.18
2699,10841.0,21410.12
2700,10137.0,5770.46
2701,14008.0,25677.89
2702,11582.0,9965.75
2703,9621.0,5445.47
2704,12556.0,14527.12
2705,11822.0,13801.68
2706,14441.0,20296.6
2707,10716.0,5880.25
2708,10841.0,6562.21
2709,11151.0,8356.91
2710,9773.0,5715.2
2711,12605.0,19869.32
2712,12717.0,11151.12
2713,13878.0,13644.11
2714,17068.0,32030.86
2715,10925.0,8990.35
2716,12489.0,17266.2
2717,10607.0,6326.32
2718,11728.0,10303.85
2719,26671.0,63039.24
2720,13140.0,20311.96
2721,12752.0,14235.28
2722,14528.0,21603.07
2723,12280.0,11207.45
2724,12035.0,8854.83
2725,9153.0,5274.13
2726,14170.0,27783.13
2727,11766.0,6894.13
2728,10013.0,4999.59
2729,9935.0,5248.81
2730,8991.0,5186.57
2731,12768.0,22185.66
2732,14011.0,17359.13
2733,12347.0,17354.63
2734,12386.0,19576.74
2735,11566.0,8455.71
2736,23001.0,57146.5
2737,11559.0,14725.83
2738,13133.0,17071.88
2739,13536.0,19825.0
2740,12780.0,16798.5
2741,11815.0,11050.43
2742,12612.0,14952.39
2743,12100.0,19928.83
2744,11492.0,10904.24
2745,12674.0,11966.57
2746,11928.0,12618.25
2747,12068.0,11349.77
2748,15723.0,35691.05
2749,10774.0,5679.25
2750,10873.0,7058.35
2751,12215.0,10771.94
2752,13331.0,26603.72
2753,16314.0,31145.5
2754,10315.0,5603.82
2755,12198.0,11582.35
2756,11697.0,5291.03
2757,12738.0,12658.22
2758,11145.0,10217.3
2759,10903.0,9350.31
2760,11153.0,7096.68
2761,12354.0,15463.69
2762,13910.0,27803.84
2763,11586.0,13223.12
2764,13200.0,26349.38
2765,11228.0,8223.71
2766,12187.0,11751.67
2767,10761.0,6107.15
2768,10689.0,5705.85
2769,19776.0,32316.72
2770,11832.0,8105.55
2771,10121.0,5502.21
2772,12438.0,17507.9
2773,13470.0,19551.67
2774,10149.0,5973.01
2775,10647.0,6818.98
2776,10952.0,8695.52
2777,10327.0,5577.98
2778,10644.0,6258.36
2779,10801.0,12501.29
2780,12571.0,19552.25
2781,11563.0,10726.41
2782,10290.0,5137.11
2783,10352.0,5627.16
2784,12409.0,18654.74
2785,11424.0,7309.39
2786,11658.0,11028.9
2787,11537.0,9999.03
2788,11083.0,6998.0
2789,10248.0,4873.44
2790,11800.0,9133.04
2791,10743.0,5181.52
2792,12203.0,21930.56
2793,11505.0,12102.64
2794,11658.0,15703.54
2795,10142.0,5243.33
2796,12007.0,11372.27
2797,13958.0,22544.43
2798,10394.0,5478.17
2799,14977.0,22319.28
2800,12400.0,18522.47
2801,12655.0,15603.09
2802,10913.0,6188.61
2803,13524.0,15512.45
2804,13502.0,17387.61
2805,13862.0,19824.57
2806,11931.0,14411.76
2807,11504.0,6842.43
2808,10739.0,7643.46
2809,10678.0,7521.95
2810,11367.0,6875.86
2811,10490.0,5221.36
2812,15940.0,29745.89
2813,14111.0,24173.07
2814,11945.0,12809.75
2815,11127.0,10255.54
2816,12044.0,14773.83
2817,11038.0,5894.13
2818,14775.0,24048.09
2819,9913.0,4243.21
2820,10359.0,4592.67
2821,12037.0,16160.39
2822,12976.0,12941.66
2823,11129.0,7969.67
2824,18413.0,41797.86
2825,11675.0,17918.2
2826,10762.0,6211.42
2827,13212.0,19264.76
2828,11052.0,7721.59
2829,10216.0,5009.95
2830,13063.0,25622.87
2831,11652.0,7860.4
2832,11407.0,7079.85
2833,28859.0,99947.33
2834,10116.0,5334.65
2835,10397.0,4646.59
2836,12668.0,12923.45
2837,10841.0,6580.72
2838,10260.0,5354.17
2839,12701.0,18206.32
2840,13383.0,21387.64
2841,10006.0,4829.24
2842,14422.0,23879.69
2843,11502.0,12257.95
2844,11675.0,12365.27
2845,9975.0,4619.75
2846,11248.0,8124.71
2847,10001.0,5079.0
2848,10314.0,5219.04
2849,10622.0,6648.65
2850,16194.0,26843.12
2851,12172.0,14814.33
2852,10718.0,6371.63
2853,13184.0,19833.87
2854,12910.0,23690.03
2855,11757.0,10353.75
2856,10999.0,6832.6
2857,10146.0,4801.71
2858,12527.0,12365.39
2859,11010.0,9133.27
2860,10764.0,6852.04
2861,11160.0,9701.28
2862,20864.0,43467.77
2863,12360.0,22157.66
2864,9914.0,6148.04
2865,12389.0,14285.17
2866,11029.0,12837.73
2867,11111.0,6819.8
2868,14139.0,20795.65
2869,13140.0,16409.26
2870,11650.0,8749.44
2871,11098.0,10504.95
2872,12070.0,14396.45
2873,12649.0,17590.45
2874,14456.0,20453.16
2875,10201.0,5937.28
2876,15643.0,26630.23
2877,10247.0,6042.94
2878,13311.0,21423.5
2879,11047.0,10803.33
2880,11195.0,7760.79
2881,11706.0,9191.46
2882,11824.0,15378.04
2883,9642.0,4742.26
2884,13421.0,21297.18
2885,12016.0,16084.35
2886,10608.0,6525.12
2887,13048.0,23328.2
2888,13757.0,34749.29
2889,12250.0,9276.69
2890,11954.0,16800.25
2891,10473.0,4776.19
2892,10368.0,5156.16
2893,12916.0,18930.15
2894,11436.0,8414.38
2895,8644.0,4497.74
2896,11315.0,9566.16
2897,9988.0,7433.22
2898,14369.0,35065.92
2899,10159.0,4995.8
2900,10714.0,6007.73
2901,10242.0,5217.53
2902,11997.0,10968.77
2903,11178.0,5813.88
2904,11906.0,8115.97
2905,18209.0,38886.26
2906,11201.0,6783.27
2907,13334.0,24643.01
2908,11647.0,9418.77
2909,11577.0,11604.4
2910,12043.0,13891.75
2911,11708.0,12197.38
2912,14991.0,21604.51
2913,10925.0,6745.6
2914,10666.0,5747.0
2915,10651.0,5422.44
2916,12562.0,15762.39
2917,11355.0,7307.44
2918,11475.0,8295.14
2919,11977.0,11796.52
2920,11455.0,7441.33
2921,11437.0,7833.34
2922,10821.0,6314.39
2923,12511.0,8289.45
2924,12945.0,15909.37
2925,10755.0,5169.72
2926,12680.0,16383.86
2927,11050.0,7661.64
2928,10668.0,4803.02
2929,12830.0,19418.85
2930,14035.0,20796.58
2931,10841.0,5278.67
2932,10471.0,4465.68
2933,15088.0,31918.09
2934,14665.0,24933.64
2935,10483.0,5609.54
2936,12159.0,13927.18
2937,11943.0,7168.23
2938,13353.0,17526.45
2939,12854.0,15578.91
2940,11122.0,6846.37
2941,10949.0,6751.06
2942,10030.0,5304.93
2943,14640.0,21303.2
2944,11125.0,6433.97
2945,12653.0,9244.67
2946,13232.0,19061.16
2947,12453.0,11698.21
2948,11624.0,6516.28
2949,14038.0,24718.9
2950,14574.0,16935.2
2951,11636.0,8117.36
2952,15286.0,29118.52
2953,13892.0,22923.06
2954,10681.0,5004.81
2955,11680.0,6735.28
2956,12545.0,12387.25
2957,11694.0,17640.27
2958,13655.0,20861.36
2959,10709.0,5608.39
2960,12187.0,12481.11
2961,14809.0,28037.22
2962,15073.0,31097.63
2963,16626.0,43570.91
2964,10895.0,8839.19
2965,11533.0,12335.77
2966,11155.0,7736.15
2967,13455.0,19202.68
2968,10682.0,4928.84
2969,11767.0,13410.91
2970,11469.0,8211.59
2971,10681.0,8059.56
2972,14600.0,34009.26
2973,11032.0,8405.84
2974,11351.0,7205.92
2975,10962.0,6418.26
2976,12340.0,9944.86
2977,10575.0,5208.03
2978,10502.0,5538.17
2979,11635.0,10650.78
2980,13573.0,22060.87
2981,13841.0,15005.91
2982,11517.0,6802.13
2983,11374.0,9993.53
2984,12485.0,20880.74
2985,10603.0,5580.08
2986,15814.0,32900.1
2987,11496.0,9514.77
2988,10375.0,4674.67
2989,10903.0,7961.49
2990,10380.0,5687.04
2991,12542.0,11965.07
2992,12343.0,12079.49
2993,12431.0,11975.0
2994,14658.0,27935.84
2995,10983.0,6570.36
2996,10240.0,5374.2
2997,12078.0,14299.46
2998,11650.0,7531.07
2999,13641.0,19754.09
3000,12205.0,14337.8
3001,10256.0,5871.36
3002,11678.0,12102.37
3003,13617.0,27892.5
3004,14170.0,19821.48
3005,12616.0,14977.27
3006,12862.0,12156.53
3007,10382.0,5270.37
3008,12927.0,11395.21
3009,11250.0,7158.61
3010,10788.0,10585.87
3011,10529.0,5477.28
3012,11915.0,8321.97
3013,10396.0,4793.72
3014,13477.0,18642.97
3015,10490.0,5738.15
3016,11080.0,6963.85
3017,12080.0,10804.85
3018,11435.0,10825.76
3019,10887.0,5683.06
3020,11590.0,12188.56
3021,10620.0,5450.97
3022,11849.0,9973.64
3023,14375.0,23314.35
3024,16135.0,36202.18
3025,11180.0,9421.79
3026,9716.0,5632.83
3027,11458.0,6814.3
3028,17275.0,32430.1
3029,13181.0,15829.97
3030,12152.0,14351.02
3031,11483.0,7225.5
3032,19941.0,47552.29
3033,11566.0,10203.46
3034,15150.0,31619.16
3035,12160.0,16991.21
3036,12594.0,21220.25
3037,11550.0,15173.41
3038,12538.0,16124.12
3039,12790.0,18828.06
3040,10708.0,13973.63
3041,10696.0,17228.88
3042,12930.0,18896.79
3043,12559.0,17143.9
3044,12066.0,14453.71
3045,11826.0,7815.24
3046,11339.0,9831.71
3047,10550.0,6216.38
3048,14063.0,16319.89
3049,11227.0,5993.0
3050,14786.0,25565.37
3051,10535.0,5682.52
3052,12855.0,16905.94
3053,10541.0,5875.94
3054,15962.0,28641.28
3055,11649.0,8850.21
3056,11255.0,6765.94
3057,12229.0,10972.82
3058,12343.0,12176.87
3059,12630.0,13155.32
3060,10427.0,5873.98
3061,11688.0,11143.84
3062,13252.0,15508.5
3063,14946.0,23724.45
3064,11043.0,5608.99
3065,16154.0,32959.16
3066,10855.0,6144.09
3067,14271.0,18316.62
3068,10309.0,5192.7
3069,11089.0,7958.44
3070,12040.0,15291.96
3071,10292.0,5862.05
3072,18684.0,41587.02
3073,15371.0,41024.49
3074,9657.0,4363.18
3075,15066.0,30204.33
3076,12652.0,15262.08
3077,11138.0,7137.13
3078,10565.0,5973.32
3079,12274.0,10808.32
3080,11316.0,7432.41
3081,11103.0,5552.48
3082,10748.0,5839.03
3083,14555.0,38307.95
3084,16807.0,27580.65
3085,12774.0,13302.98
3086,11809.0,11392.39
3087,11943.0,12350.79
3088,10858.0,6637.47
3089,11355.0,7261.24
3090,12665.0,15467.6
3091,10776.0,6525.52
3092,11929.0,14467.04
3093,14539.0,23164.32
3094,10080.0,4691.76
3095,12137.0,9032.97
3096,10788.0,6381.09
3097,10932.0,10842.68
3098,16137.0,31024.34
3099,13875.0,25610.62
3100,10236.0,5026.05
3101,11121.0,8388.01
3102,11022.0,6874.74
3103,11071.0,8613.96
3104,11245.0,6581.1
3105,13933.0,20123.39
3106,11459.0,9564.42
3107,12046.0,13438.92
3108,10158.0,5845.79
3109,10164.0,4971.93
3110,11042.0,5288.21
3111,15685.0,31278.88
3112,10680.0,5090.18
3113,10352.0,5990.82
3114,11266.0,8103.04
3115,15462.0,22850.7
3116,12818.0,26524.89
3117,12469.0,12281.48
3118,11541.0,7161.02
3119,21095.0,48999.5
3120,13709.0,21407.89
3121,13800.0,20398.96
3122,11402.0,8371.94
3123,10865.0,6505.68
3124,11851.0,7043.49
3125,11794.0,12134.72
3126,10776.0,6339.96
3127,10997.0,6056.99
3128,11963.0,14189.71
3129,11457.0,12615.0
3130,12303.0,13993.25
3131,10835.0,5653.37
3132,13843.0,25982.37
3133,9705.0,5920.88
3134,12313.0,10984.68
3135,15726.0,24027.88
3136,16821.0,24664.34
3137,11760.0,8121.83
3138,10462.0,5247.15
3139,10462.0,4832.79
3140,14249.0,14010.52
3141,10380.0,5616.75
3142,11090.0,5585.62
3143,11643.0,7699.64
3144,11293.0,6927.25
3145,11250.0,7232.13
3146,12797.0,14528.49
3147,15117.0,29947.8
3148,11397.0,7298.84
3149,12842.0,14733.66
3150,10586.0,4870.97
3151,10431.0,4880.58
3152,10631.0,5302.19
3153,14300.0,24201.47
3154,11997.0,17395.8
3155,12874.0,13462.94
3156,11171.0,5547.83
3157,11680.0,8968.43
3158,12684.0,10489.8
3159,10527.0,5615.62
3160,11635.0,6542.2
3161,10953.0,6000.69
3162,18777.0,44567.2
3163,10323.0,7051.03
3164,12556.0,11415.99
3165,19121.0,28934.43
3166,14130.0,25379.57
3167,12632.0,10713.94
3168,12856.0,17573.91
3169,10585.0,5131.38
3170,11296.0,7629.95
3171,11687.0,13266.96
3172,10715.0,6575.76
3173,22085.0,35131.57
3174,16536.0,35242.28
3175,10436.0,5121.81
3176,12795.0,14934.17
3177,17208.0,62803.12
3178,19751.0,48929.51
3179,11377.0,6769.79
3180,11860.0,10193.13
3181,12030.0,14568.73
3182,12570.0,19330.81
3183,11988.0,12825.52
3184,10948.0,5847.75
3185,10530.0,4887.46
3186,10392.0,5146.07
3187,10927.0,8092.76
3188,9980.0,4433.44
3189,15359.0,40546.69
3190,11161.0,7167.89
3191,11928.0,12690.66
3192,11006.0,6032.46
3193,10892.0,6443.19
3194,15063.0,24664.61
3195,19989.0,32171.33
3196,12470.0,9838.98
3197,13989.0,21771.41
3198,11781.0,10036.6
3199,11837.0,10312.39
3200,13064.0,18663.6
3201,13027.0,11614.82
3202,12779.0,17401.96
3203,11502.0,6286.24
3204,9594.0,5694.43
3205,9026.0,4594.81
3206,11402.0,9008.88
3207,12141.0,10672.34
3208,11680.0,6683.6
3209,11645.0,9950.77
3210,12435.0,9473.37
3211,11278.0,5800.03
3212,11078.0,8275.76
3213,10982.0,8559.8
3214,12700.0,12991.86
3215,11654.0,16194.23
3216,14142.0,22369.35
3217,11083.0,7794.24
3218,11380.0,11708.83
3219,10444.0,5716.61
3220,10620.0,7837.5
3221,13647.0,21689.39
3222,14235.0,23676.71
3223,11266.0,6885.74
3224,11396.0,14457.01
3225,10014.0,6020.98
3226,11483.0,7175.78
3227,14173.0,18114.41
3228,11188.0,9358.14
3229,12755.0,16832.72
3230,10564.0,6399.55
3231,10812.0,6170.22
3232,13104.0,17872.97
3233,12499.0,18277.05
3234,12778.0,18959.62
3235,11694.0,15448.38
3236,9974.0,7129.04
3237,11347.0,6321.27
3238,11018.0,8261.85
3239,11560.0,12616.77
3240,12773.0,15384.38
3241,11739.0,10723.36
3242,9759.0,8582.01
3243,10160.0,4760.46
3244,12010.0,12477.44
3245,12074.0,12054.28
3246,10071.0,8982.71
3247,12902.0,14378.64
3248,11159.0,9440.3
3249,10901.0,6322.84
3250,13876.0,23399.42
3251,11476.0,8837.57
3252,9640.0,6632.15
3253,17556.0,42302.05
3254,10561.0,4846.5
3255,14606.0,32711.4
3256,13355.0,19668.15
3257,12621.0,10983.7
3258,12987.0,18853.89
3259,11289.0,6348.41
3260,12227.0,7596.68
3261,12613.0,18979.71
3262,11165.0,5871.79
3263,10996.0,5800.9
3264,10595.0,4723.15
3265,11159.0,7062.79
3266,10464.0,11471.17
3267,9947.0,5954.93
3268,10842.0,5904.42
3269,9527.0,6598.08
3270,10263.0,7647.5
3271,11347.0,17783.29
3272,10733.0,6620.44
3273,12803.0,10844.64
3274,13841.0,21563.42
3275,12398.0,17110.75
3276,10968.0,6158.84
3277,11486.0,7118.41
3278,10453.0,4997.49
3279,9837.0,8430.27
3280,11296.0,12390.32
3281,11747.0,9798.59
3282,13583.0,16631.17
3283,9833.0,5539.38
3284,14116.0,18721.36
3285,10185.0,6841.51
3286,13509.0,17377.24
3287,12120.0,17156.51
3288,11335.0,16670.26
3289,10988.0,5659.77
3290,12613.0,17744.73
3291,11886.0,11484.53
3292,10785.0,6042.57
3293,11225.0,10030.45
3294,11292.0,6888.79
3295,14003.0,21930.13
3296,16520.0,35732.65
3297,11919.0,11197.81
3298,11803.0,16560.41
3299,10941.0,5113.22
3300,15385.0,19326.21
3301,12206.0,10959.89
3302,11203.0,8546.34
3303,11934.0,11447.37
3304,11033.0,7582.01
3305,15094.0,28351.57
3306,15614.0,24824.49
3307,11562.0,9409.57
3308,11453.0,13531.35
3309,12637.0,13780.96
3310,11739.0,14246.14
3311,13492.0,19139.61
3312,10833.0,5692.92
3313,12063.0,13574.56
3314,10606.0,6257.8
3315,12019.0,7875.5
3316,15779.0,33274.24
3317,12889.0,14502.44
3318,14001.0,25223.09
3319,12126.0,13385.13
3320,12155.0,9463.0
3321,13270.0,21127.67
3322,13323.0,22943.91
3323,15001.0,27264.71
3324,11116.0,7271.95
3325,11834.0,14474.83
3326,12317.0,13897.84
3327,13805.0,13574.04
3328,11340.0,9070.42
3329,13439.0,13703.41
3330,12991.0,14937.79
3331,10918.0,5797.02
3332,12045.0,14610.3
3333,17008.0,34396.6
3334,11506.0,7333.88
3335,11970.0,15930.75
3336,10996.0,5721.17
3337,12084.0,8423.06
3338,10890.0,4798.11
3339,11558.0,5802.67
3340,11473.0,7170.39
3341,11013.0,15150.95
3342,14637.0,23900.68
3343,12192.0,11828.8
3344,11118.0,6206.69
3345,11179.0,4880.8
3346,12687.0,12118.18
3347,11397.0,5510.33
3348,12685.0,10217.88
3349,11667.0,9968.94
3350,12574.0,9078.77
3351,10541.0,5564.54
3352,10721.0,6359.32
3353,12525.0,9867.11
3354,10375.0,4883.46
3355,14850.0,22600.99
3356,10894.0,6265.15
3357,10859.0,8030.48
3358,15121.0,36796.46
3359,11844.0,13791.89
3360,10551.0,5194.64
3361,11379.0,11822.79
3362,12239.0,9275.26
3363,10506.0,5289.8
3364,12773.0,16281.82
3365,10422.0,6284.11
3366,14688.0,26988.02
3367,12949.0,22383.92
3368,12684.0,11523.1
3369,11747.0,12569.34
3370,11399.0,7641.65
3371,13058.0,24033.06
3372,11885.0,7837.7
3373,11121.0,6711.16
3374,11530.0,7902.32
3375,9790.0,4260.19
3376,10126.0,5727.57
3377,11429.0,12252.58
3378,10984.0,6313.34
3379,14284.0,19777.72
3380,11419.0,8608.68
3381,11935.0,12208.57
3382,18352.0,40741.97
3383,12859.0,17301.47
3384,11410.0,12643.73
3385,11578.0,9240.35
3386,11840.0,9981.07
3387,13340.0,10920.46
3388,12443.0,7259.67
3389,12239.0,14539.32
3390,11216.0,7378.73
3391,10660.0,5562.82
3392,11727.0,10795.56
3393,10445.0,5932.56
3394,12553.0,15125.89
3395,12007.0,17445.65
3396,10408.0,6975.31
3397,12236.0,14524.03
3398,13143.0,13426.64
3399,12123.0,21521.86
3400,11452.0,16207.29
3401,13648.0,27371.43
3402,11485.0,8575.2
3403,10641.0,5685.77
3404,12175.0,13541.68
3405,11954.0,13520.63
3406,11749.0,6880.02
3407,12392.0,16246.85
3408,13848.0,22238.88
3409,18093.0,37541.41
3410,11563.0,9932.88
3411,15040.0,24955.58
3412,12769.0,18677.36
3413,10263.0,4872.95
3414,11147.0,8262.75
3415,13756.0,20287.51
3416,11160.0,6479.68
3417,11429.0,8501.48
3418,12923.0,18437.9
3419,11550.0,7029.61
3420,11421.0,9844.71
3421,11422.0,9847.71
3422,11811.0,12638.05
3423,16253.0,27502.62
3424,12396.0,13678.23
3425,17812.0,32428.13
3426,14866.0,21441.46
3427,13682.0,20193.31
3428,11498.0,6532.43
3429,12270.0,10807.72
3430,14916.0,38628.6
3431,10967.0,5858.79
3432,12549.0,14609.55
3433,11378.0,12465.42
3434,12951.0,12783.52
3435,16683.0,36072.01
3436,9825.0,8063.81
3437,10991.0,6329.83
3438,11260.0,7491.96
3439,11803.0,9500.84
3440,11429.0,6488.23
3441,11169.0,6485.92
3442,18690.0,34304.61
3443,15138.0,37041.24
3444,10356.0,5313.45
3445,10100.0,6222.97
3446,10480.0,5758.55
3447,13260.0,14344.57
3448,12990.0,18453.41
3449,12628.0,15144.81
3450,12391.0,14154.52
3451,10720.0,5417.29
3452,10936.0,7046.8
3453,11596.0,14136.25
3454,10283.0,4787.16
3455,10737.0,6040.47
3456,10767.0,6253.61
3457,11905.0,12599.79
3458,11576.0,10363.9
3459,11114.0,8103.07
3460,12050.0,16238.3
3461,12835.0,15949.12
3462,14307.0,23820.09
3463,10588.0,5592.49
3464,12206.0,17087.25
3465,11221.0,5988.13
3466,10802.0,6866.1
3467,10260.0,4699.78
3468,10767.0,6382.04
3469,13123.0,13404.75
3470,17845.0,49648.41
3471,12747.0,9858.53
3472,11412.0,5876.72
3473,13067.0,20004.32
3474,12419.0,10500.73
3475,18990.0,65563.33
3476,11214.0,9216.23
3477,11364.0,8138.69
3478,10599.0,5478.76
3479,12592.0,14396.36
3480,11088.0,6901.29
3481,11996.0,12233.68
3482,12756.0,11104.32
3483,10356.0,5379.74
3484,11087.0,6694.73
3485,12651.0,13644.73
3486,10423.0,5061.19
3487,11819.0,9555.71
3488,12630.0,22259.02
3489,11165.0,7920.7
3490,11914.0,9055.36
3491,10412.0,4870.4
3492,11264.0,8201.32
3493,10581.0,5125.97
3494,10863.0,6401.97
3495,12330.0,8286.02
3496,10367.0,5329.2
3497,11885.0,10623.19
3498,13138.0,20427.35
3499,9636.0,4575.94
3500,11083.0,10699.81
3501,11357.0,9471.06
3502,10697.0,5684.84
3503,11997.0,9906.98
3504,11131.0,10890.77
3505,13984.0,19178.41
3506,11543.0,7983.67
3507,15963.0,29835.87
3508,13235.0,20981.11
3509,16144.0,20300.53
3510,16517.0,35591.53
3511,15041.0,25017.29
3512,10786.0,6235.02
3513,10956.0,5140.68
3514,13941.0,15372.56
3515,10100.0,6987.09
3516,18937.0,39932.72
3517,10516.0,6289.05
3518,10349.0,4940.26
3519,14446.0,23319.42
3520,11245.0,7212.23
3521,11601.0,12451.42
3522,13710.0,24106.64
3523,11014.0,7985.78
3524,10581.0,5670.83
3525,11516.0,6659.5
3526,17354.0,31625.81
3527,11050.0,7909.93
3528,12778.0,22500.2
3529,14847.0,28999.91
3530,13252.0,25454.69
3531,10765.0,6922.81
3532,10777.0,5919.25
3533,12902.0,16624.25
3534,10713.0,11899.74
3535,10302.0,5750.97
3536,11192.0,6517.14
3537,11107.0,7953.71
3538,12321.0,10734.24
3539,10469.0,15175.29
3540,12113.0,11557.93
3541,13120.0,19974.02
3542,11931.0,8557.58
3543,13360.0,18743.35
3544,11323.0,7321.28
3545,12834.0,19174.34
3546,11952.0,19221.68
3547,10703.0,7615.2
3548,12780.0,18471.6
3549,15947.0,28519.07
3550,13084.0,17289.97
3551,11007.0,6685.4
3552,9690.0,5220.97
3553,11623.0,9220.82
3554,13980.0,22750.6
3555,11078.0,11600.5
3556,14016.0,27337.09
3557,13147.0,19235.48
3558,11772.0,10546.54
3559,10669.0,6654.74
3560,10425.0,5789.22
3561,11005.0,11598.83
3562,13384.0,15848.0
3563,10702.0,6255.19
3564,19463.0,50164.68
3565,10414.0,4994.04
3566,14153.0,21271.2
3567,12002.0,17277.79
3568,14254.0,24222.56
3569,14801.0,24466.7
3570,10138.0,4840.08
3571,10443.0,4956.45
3572,16646.0,27139.61
3573,11438.0,8702.87
3574,11511.0,10029.01
3575,10225.0,4791.02
3576,12467.0,12686.73
3577,12285.0,13771.91
3578,11160.0,7970.62
3579,11219.0,6693.64
3580,11012.0,7468.1
3581,11613.0,8090.26
3582,10644.0,4781.75
3583,11097.0,5905.89
3584,10135.0,5004.44
3585,12153.0,13026.39
3586,10345.0,6172.34
3587,11975.0,18797.49
3588,12450.0,16842.67
3589,12881.0,20215.18
3590,31006.0,129253.88
3591,10372.0,6540.49
3592,15002.0,7602.8
3593,13608.0,23621.97
3594,14432.0,40010.9
3595,12794.0,19643.23
3596,10358.0,4578.85
3597,10824.0,7970.91
3598,11978.0,10167.41
3599,10726.0,16773.52
3600,12540.0,21887.23
