Time (sec), TPS(ops/sec)
1,15062.0
2,15618.0
3,17312.0
4,16908.0
5,16747.0
6,16332.0
7,16734.0
8,17467.0
9,17157.0
10,19244.0
11,18090.0
12,17152.0
13,17215.0
14,17880.0
15,16868.0
16,17628.0
17,17489.0
18,17178.0
19,16239.0
20,16709.0
21,17563.0
22,18342.0
23,18612.0
24,17098.0
25,17311.0
26,16721.0
27,16206.0
28,16708.0
29,17552.0
30,18629.0
31,17797.0
32,17752.0
33,17084.0
34,16937.0
35,14917.0
36,16027.0
37,16038.0
38,16395.0
39,17003.0
40,17102.0
41,17540.0
42,17069.0
43,17712.0
44,16900.0
45,17287.0
46,17668.0
47,17847.0
48,17327.0
49,17397.0
50,17205.0
51,15563.0
52,14308.0
53,15001.0
54,16979.0
55,17173.0
56,18307.0
57,18516.0
58,18033.0
59,17473.0
60,18377.0
61,17397.0
62,16165.0
63,16435.0
64,16434.0
65,14800.0
66,15755.0
67,17079.0
68,17600.0
69,16861.0
70,16714.0
71,15714.0
72,16515.0
73,16855.0
74,17920.0
75,15807.0
76,15981.0
77,17398.0
78,17578.0
79,17161.0
80,17986.0
81,18220.0
82,19479.0
83,17398.0
84,17459.0
85,17230.0
86,17395.0
87,17506.0
88,16897.0
89,16387.0
90,16790.0
91,18280.0
92,18274.0
93,18379.0
94,17034.0
95,17295.0
96,17733.0
97,18131.0
98,18203.0
99,16790.0
100,16487.0
101,16600.0
102,17917.0
103,17347.0
104,16820.0
105,16828.0
106,18005.0
107,19645.0
108,19033.0
109,17567.0
110,17466.0
111,17894.0
112,18168.0
113,17613.0
114,17317.0
115,17190.0
116,17123.0
117,17194.0
118,17089.0
119,17092.0
120,17035.0
121,17016.0
122,16430.0
123,16915.0
124,16691.0
125,16035.0
126,15815.0
127,16259.0
128,16366.0
129,17451.0
130,17506.0
131,17354.0
132,16653.0
133,16836.0
134,16718.0
135,17320.0
136,17016.0
137,16235.0
138,16740.0
139,16502.0
140,17956.0
141,17603.0
142,17848.0
143,17429.0
144,16998.0
145,16079.0
146,15962.0
147,14411.0
148,15280.0
149,15713.0
150,16070.0
151,16217.0
152,15612.0
153,16796.0
154,16932.0
155,16650.0
156,16617.0
157,16326.0
158,17845.0
159,16600.0
160,16946.0
161,16318.0
162,17252.0
163,17517.0
164,17002.0
165,17469.0
166,17300.0
167,16949.0
168,15789.0
169,14751.0
170,15842.0
171,16556.0
172,17630.0
173,17026.0
174,17042.0
175,17030.0
176,17319.0
177,16624.0
178,14778.0
179,14510.0
180,14357.0
181,15068.0
182,15438.0
183,16394.0
184,16814.0
185,16770.0
186,16127.0
187,16435.0
188,16745.0
189,15564.0
190,15651.0
191,16017.0
192,17388.0
193,17027.0
194,16900.0
195,16686.0
196,16080.0
197,16578.0
198,16524.0
199,16398.0
200,16638.0
201,16554.0
202,17634.0
203,17355.0
204,17370.0
205,16829.0
206,16684.0
207,15528.0
208,16636.0
209,14833.0
210,15462.0
211,15328.0
212,16830.0
213,16700.0
214,16246.0
215,16818.0
216,17016.0
217,16424.0
218,16085.0
219,15216.0
220,15913.0
221,16521.0
222,15810.0
223,16039.0
224,15906.0
225,17082.0
226,16710.0
227,16507.0
228,16266.0
229,15838.0
230,14911.0
231,13984.0
232,14037.0
233,15105.0
234,15021.0
235,15574.0
236,16119.0
237,17051.0
238,16634.0
239,15586.0
240,15424.0
241,16645.0
242,17458.0
243,17493.0
244,16702.0
245,16524.0
246,16166.0
247,16891.0
248,17314.0
249,16839.0
250,16223.0
251,14832.0
252,14678.0
253,14886.0
254,15498.0
255,16316.0
256,16179.0
257,16411.0
258,17497.0
259,17557.0
260,17109.0
261,16769.0
262,16542.0
263,17165.0
264,17311.0
265,17025.0
266,17054.0
267,16314.0
268,16201.0
269,15750.0
270,15637.0
271,16722.0
272,16756.0
273,16921.0
274,16458.0
275,15850.0
276,16290.0
277,16987.0
278,17367.0
279,16143.0
280,16174.0
281,16522.0
282,16510.0
283,16529.0
284,16465.0
285,15088.0
286,15200.0
287,15687.0
288,16948.0
289,16077.0
290,15782.0
291,15375.0
292,15385.0
293,15600.0
294,16199.0
295,17098.0
296,16543.0
297,16660.0
298,16774.0
299,15912.0
300,16391.0
301,15721.0
302,15909.0
303,16344.0
304,16414.0
305,16223.0
306,16378.0
307,17056.0
308,17723.0
309,18542.0
310,18223.0
311,17507.0
312,15384.0
313,16151.0
314,14977.0
315,15307.0
316,16979.0
317,17646.0
318,17021.0
319,16329.0
320,16818.0
321,17040.0
322,16925.0
323,17177.0
324,17229.0
325,17925.0
326,16713.0
327,16956.0
328,16427.0
329,17102.0
330,16712.0
331,16290.0
332,16748.0
333,16308.0
334,16023.0
335,16563.0
336,17370.0
337,16798.0
338,16717.0
339,17276.0
340,16358.0
341,16850.0
342,16775.0
343,16961.0
344,17279.0
345,17289.0
346,17822.0
347,17034.0
348,16212.0
349,16584.0
350,15236.0
351,14851.0
352,15214.0
353,15191.0
354,15834.0
355,16614.0
356,15364.0
357,16773.0
358,15101.0
359,15553.0
360,16131.0
361,16357.0
362,15908.0
363,14360.0
364,14031.0
365,14765.0
366,14489.0
367,17592.0
368,16964.0
369,17657.0
370,17941.0
371,16643.0
372,17545.0
373,17211.0
374,17559.0
375,16943.0
376,16840.0
377,17203.0
378,17924.0
379,16546.0
380,16754.0
381,16350.0
382,16647.0
383,15563.0
384,16334.0
385,14722.0
386,16145.0
387,15735.0
388,15574.0
389,16738.0
390,16452.0
391,16546.0
392,17008.0
393,17084.0
394,15597.0
395,15779.0
396,16510.0
397,15585.0
398,15424.0
399,16915.0
400,16533.0
401,16767.0
402,16507.0
403,16232.0
404,16092.0
405,16422.0
406,17324.0
407,17422.0
408,17139.0
409,16612.0
410,17774.0
411,17656.0
412,17669.0
413,17326.0
414,17385.0
415,16004.0
416,16079.0
417,16120.0
418,14313.0
419,16485.0
420,15611.0
421,15092.0
422,15897.0
423,16361.0
424,15805.0
425,17390.0
426,15917.0
427,17400.0
428,15468.0
429,15169.0
430,16610.0
431,15743.0
432,14914.0
433,14879.0
434,15023.0
435,15152.0
436,16881.0
437,16136.0
438,16531.0
439,16059.0
440,14778.0
441,15115.0
442,15139.0
443,14686.0
444,15993.0
445,15215.0
446,16241.0
447,15880.0
448,16105.0
449,16739.0
450,17063.0
451,16674.0
452,16524.0
453,16887.0
454,16401.0
455,16266.0
456,15697.0
457,16457.0
458,15603.0
459,16748.0
460,15941.0
461,16356.0
462,16253.0
463,17406.0
464,17312.0
465,17292.0
466,17186.0
467,16308.0
468,15713.0
469,15253.0
470,16233.0
471,15386.0
472,15410.0
473,17121.0
474,16483.0
475,15908.0
476,16535.0
477,16378.0
478,15614.0
479,15267.0
480,15424.0
481,16177.0
482,14953.0
483,15648.0
484,15576.0
485,15990.0
486,16049.0
487,16388.0
488,16316.0
489,17015.0
490,17474.0
491,18380.0
492,17436.0
493,17275.0
494,16285.0
495,14738.0
496,14992.0
497,14679.0
498,14560.0
499,16520.0
500,16744.0
501,16726.0
502,16243.0
503,16096.0
504,16034.0
505,16080.0
506,17320.0
507,17734.0
508,17884.0
509,17536.0
510,17173.0
511,17722.0
512,16005.0
513,16648.0
514,16233.0
515,16615.0
516,17335.0
517,17481.0
518,16935.0
519,17872.0
520,17391.0
521,17164.0
522,17151.0
523,16524.0
524,17030.0
525,16314.0
526,16589.0
527,16167.0
528,16918.0
529,15893.0
530,15593.0
531,16027.0
532,16932.0
533,15774.0
534,16549.0
535,15905.0
536,17295.0
537,17685.0
538,18298.0
539,18475.0
540,17532.0
541,17880.0
542,15613.0
543,16364.0
544,15562.0
545,14641.0
546,16647.0
547,16395.0
548,16484.0
549,17784.0
550,16314.0
551,16372.0
552,16549.0
553,15791.0
554,15737.0
555,16385.0
556,15818.0
557,15585.0
558,16557.0
559,15960.0
560,15877.0
561,15922.0
562,16647.0
563,16418.0
564,17296.0
565,16704.0
566,17003.0
567,15925.0
568,16870.0
569,15574.0
570,15613.0
571,16156.0
572,15519.0
573,16957.0
574,16809.0
575,15930.0
576,15670.0
577,15830.0
578,15299.0
579,16433.0
580,13950.0
581,14931.0
582,15137.0
583,16454.0
584,16127.0
585,17180.0
586,16347.0
587,16191.0
588,16269.0
589,14982.0
590,16930.0
591,14846.0
592,15734.0
593,16191.0
594,14735.0
595,16585.0
596,14194.0
597,15717.0
598,15044.0
599,14716.0
600,15028.0
601,15459.0
602,16921.0
603,17077.0
604,16777.0
605,17074.0
606,17016.0
607,15376.0
608,15853.0
609,15335.0
610,15690.0
611,15208.0
612,16469.0
613,16131.0
614,15905.0
615,15971.0
616,16522.0
617,16179.0
618,15444.0
619,17134.0
620,16136.0
621,15556.0
622,16481.0
623,15655.0
624,16524.0
625,15321.0
626,15337.0
627,16394.0
628,15995.0
629,14946.0
630,15903.0
631,15470.0
632,16823.0
633,15670.0
634,16094.0
635,14584.0
636,15395.0
637,14946.0
638,16916.0
639,17935.0
640,17867.0
641,17488.0
642,17038.0
643,17304.0
644,15898.0
645,17264.0
646,16383.0
647,16114.0
648,15383.0
649,15181.0
650,14424.0
651,16011.0
652,14875.0
653,16567.0
654,17050.0
655,17298.0
656,16225.0
657,17340.0
658,16378.0
659,15793.0
660,16307.0
661,16436.0
662,16717.0
663,16368.0
664,17685.0
665,17484.0
666,17676.0
667,17726.0
668,17867.0
669,16771.0
670,17274.0
671,16326.0
672,15105.0
673,16324.0
674,14332.0
675,14123.0
676,14958.0
677,15009.0
678,14124.0
679,16056.0
680,15940.0
681,16658.0
682,16636.0
683,16234.0
684,15280.0
685,15211.0
686,15632.0
687,16279.0
688,16114.0
689,16034.0
690,16941.0
691,15222.0
692,17293.0
693,17932.0
694,17617.0
695,17536.0
696,17656.0
697,17139.0
698,17457.0
699,17397.0
700,17302.0
701,16359.0
702,16171.0
703,16641.0
704,16116.0
705,16667.0
706,17109.0
707,18244.0
708,17278.0
709,17246.0
710,15688.0
711,16420.0
712,15111.0
713,14555.0
714,15490.0
715,16123.0
716,15887.0
717,16075.0
718,16148.0
719,14650.0
720,16323.0
721,14499.0
722,15523.0
723,16177.0
724,16017.0
725,16238.0
726,16566.0
727,16984.0
728,16150.0
729,16831.0
730,17517.0
731,14557.0
732,15796.0
733,15304.0
734,14974.0
735,15529.0
736,16119.0
737,16751.0
738,16940.0
739,16475.0
740,15318.0
741,15167.0
742,15615.0
743,14978.0
744,15796.0
745,17322.0
746,16717.0
747,17530.0
748,16586.0
749,17112.0
750,16233.0
751,16464.0
752,16405.0
753,16138.0
754,16342.0
755,16242.0
756,16182.0
757,15509.0
758,16101.0
759,16759.0
760,16951.0
761,16919.0
762,16813.0
763,16823.0
764,16495.0
765,16639.0
766,16508.0
767,16589.0
768,17753.0
769,16295.0
770,17023.0
771,18008.0
772,16505.0
773,17266.0
774,17055.0
775,16189.0
776,17058.0
777,16406.0
778,16332.0
779,16661.0
780,16380.0
781,15710.0
782,16419.0
783,15850.0
784,15087.0
785,16198.0
786,15318.0
787,16068.0
788,16074.0
789,16136.0
790,15552.0
791,15187.0
792,16412.0
793,15827.0
794,15734.0
795,16696.0
796,16064.0
797,16465.0
798,14988.0
799,16570.0
800,15298.0
801,15826.0
802,15503.0
803,16825.0
804,16418.0
805,16260.0
806,14874.0
807,15375.0
808,15111.0
809,14602.0
810,16302.0
811,15796.0
812,17058.0
813,16379.0
814,15922.0
815,17192.0
816,16627.0
817,15585.0
818,16611.0
819,14451.0
820,15605.0
821,15782.0
822,15628.0
823,15112.0
824,16540.0
825,15659.0
826,15906.0
827,15800.0
828,16688.0
829,15960.0
830,15617.0
831,16330.0
832,16793.0
833,15221.0
834,15588.0
835,15270.0
836,14696.0
837,15668.0
838,16212.0
839,16169.0
840,16734.0
841,16829.0
842,15814.0
843,17095.0
844,16389.0
845,16854.0
846,16143.0
847,16495.0
848,17045.0
849,16691.0
850,16384.0
851,15221.0
852,15860.0
853,14551.0
854,14600.0
855,15205.0
856,16711.0
857,16851.0
858,17161.0
859,16694.0
860,16751.0
861,16228.0
862,16068.0
863,16205.0
864,15616.0
865,16573.0
866,17078.0
867,16968.0
868,15669.0
869,17159.0
870,14898.0
871,15818.0
872,15824.0
873,16634.0
874,17188.0
875,16881.0
876,16877.0
877,16919.0
878,16930.0
879,15765.0
880,17606.0
881,16718.0
882,16583.0
883,16990.0
884,16267.0
885,16335.0
886,16365.0
887,15317.0
888,16061.0
889,17344.0
890,16808.0
891,16568.0
892,16333.0
893,16390.0
894,15838.0
895,15554.0
896,15328.0
897,15274.0
898,16080.0
899,16153.0
900,15451.0
901,15583.0
902,14409.0
903,16205.0
904,16178.0
905,17314.0
906,16206.0
907,14957.0
908,16812.0
909,15080.0
910,14172.0
911,15707.0
912,15675.0
913,16541.0
914,17441.0
915,17008.0
916,17035.0
917,16753.0
918,17401.0
919,15421.0
920,16138.0
921,16469.0
922,15110.0
923,16187.0
924,17271.0
925,15889.0
926,16496.0
927,16852.0
928,16724.0
929,16675.0
930,16072.0
931,15693.0
932,17450.0
933,16502.0
934,16750.0
935,17143.0
936,16919.0
937,17557.0
938,16031.0
939,17365.0
940,16990.0
941,16464.0
942,16176.0
943,16774.0
944,16821.0
945,15057.0
946,16919.0
947,15037.0
948,16681.0
949,15728.0
950,14734.0
951,16664.0
952,17093.0
953,16682.0
954,16475.0
955,16183.0
956,15428.0
957,16434.0
958,16008.0
959,16226.0
960,17491.0
961,17284.0
962,16338.0
963,16855.0
964,16019.0
965,15116.0
966,16842.0
967,16675.0
968,15700.0
969,17357.0
970,17636.0
971,17921.0
972,16883.0
973,18018.0
974,17580.0
975,16765.0
976,18422.0
977,18225.0
978,17993.0
979,18140.0
980,16960.0
981,18305.0
982,17663.0
983,17661.0
984,17393.0
985,16712.0
986,16935.0
987,18071.0
988,18633.0
989,16442.0
990,16738.0
991,16683.0
992,15022.0
993,16660.0
994,15273.0
995,14616.0
996,17221.0
997,16663.0
998,15879.0
999,16443.0
1000,16535.0
1001,16613.0
1002,16159.0
1003,16768.0
1004,17352.0
1005,15305.0
1006,16309.0
1007,14521.0
1008,13516.0
1009,16623.0
1010,14340.0
1011,16925.0
1012,18328.0
1013,16357.0
1014,15556.0
1015,17566.0
1016,18146.0
1017,17043.0
1018,16921.0
1019,17972.0
1020,18136.0
1021,16989.0
1022,16951.0
1023,16138.0
1024,17029.0
1025,17742.0
1026,15024.0
1027,16464.0
1028,17646.0
1029,15297.0
1030,17099.0
1031,17501.0
1032,16606.0
1033,16965.0
1034,17423.0
1035,17232.0
1036,15929.0
1037,16359.0
1038,15067.0
1039,15431.0
1040,15940.0
1041,15630.0
1042,16943.0
1043,16041.0
1044,14720.0
1045,14680.0
1046,16637.0
1047,14752.0
1048,17532.0
1049,17523.0
1050,17900.0
1051,17087.0
1052,17692.0
1053,18154.0
1054,17191.0
1055,17937.0
1056,15233.0
1057,17267.0
1058,16941.0
1059,14591.0
1060,15823.0
1061,15494.0
1062,16723.0
1063,14861.0
1064,16567.0
1065,15163.0
1066,17150.0
1067,16129.0
1068,16456.0
1069,16923.0
1070,16276.0
1071,16136.0
1072,16272.0
1073,16158.0
1074,15542.0
1075,16625.0
1076,16858.0
1077,16817.0
1078,15960.0
1079,16994.0
1080,16955.0
1081,14268.0
1082,16804.0
1083,16745.0
1084,15776.0
1085,16441.0
1086,16515.0
1087,16876.0
1088,17271.0
1089,16263.0
1090,16377.0
1091,17827.0
1092,15964.0
1093,17470.0
1094,17958.0
1095,16825.0
1096,18088.0
1097,16227.0
1098,17093.0
1099,17355.0
1100,15975.0
1101,16699.0
1102,17736.0
1103,17668.0
1104,17260.0
1105,17305.0
1106,17356.0
1107,17070.0
1108,16886.0
1109,14154.0
1110,17238.0
1111,14833.0
1112,15313.0
1113,16961.0
1114,15699.0
1115,16933.0
1116,16764.0
1117,14663.0
1118,18023.0
1119,15865.0
1120,17481.0
1121,17142.0
1122,15988.0
1123,15123.0
1124,16300.0
1125,14948.0
1126,16976.0
1127,15578.0
1128,15805.0
1129,16821.0
1130,14687.0
1131,17786.0
1132,17913.0
1133,17236.0
1134,18552.0
1135,16427.0
1136,16304.0
1137,18026.0
1138,14427.0
1139,15084.0
1140,15592.0
1141,16641.0
1142,16319.0
1143,15234.0
1144,17229.0
1145,17267.0
1146,16022.0
1147,16593.0
1148,18258.0
1149,14813.0
1150,16077.0
1151,16594.0
1152,15779.0
1153,15615.0
1154,16327.0
1155,17053.0
1156,15227.0
1157,17478.0
1158,17788.0
1159,16629.0
1160,16510.0
1161,16392.0
1162,14518.0
1163,16746.0
1164,15859.0
1165,15643.0
1166,17407.0
1167,17519.0
1168,15811.0
1169,16586.0
1170,17325.0
1171,16317.0
1172,17029.0
1173,17527.0
1174,16952.0
1175,15543.0
1176,16982.0
1177,16029.0
1178,16471.0
1179,16378.0
1180,15318.0
1181,16697.0
1182,15645.0
1183,14644.0
1184,15586.0
1185,15172.0
1186,14965.0
1187,15090.0
1188,14802.0
1189,16315.0
1190,16997.0
1191,16678.0
1192,16803.0
1193,16532.0
1194,15666.0
1195,18015.0
1196,16888.0
1197,15371.0
1198,16866.0
1199,17397.0
1200,16478.0
1201,15110.0
1202,15408.0
1203,17311.0
1204,17254.0
1205,15070.0
1206,17404.0
1207,16316.0
1208,16549.0
1209,15638.0
1210,15997.0
1211,16000.0
1212,12880.0
1213,17762.0
1214,16033.0
1215,14301.0
1216,17088.0
1217,15599.0
1218,15524.0
1219,16129.0
1220,17110.0
1221,16996.0
1222,15239.0
1223,16333.0
1224,15573.0
1225,14726.0
1226,17269.0
1227,14018.0
1228,13747.0
1229,15940.0
1230,15796.0
1231,15266.0
1232,15712.0
1233,16308.0
1234,15959.0
1235,15460.0
1236,15717.0
1237,15638.0
1238,15588.0
1239,16359.0
1240,15128.0
1241,16290.0
1242,17176.0
1243,15712.0
1244,17658.0
1245,16871.0
1246,16574.0
1247,17847.0
1248,15538.0
1249,17435.0
1250,17445.0
1251,17319.0
1252,16801.0
1253,16998.0
1254,17029.0
1255,15893.0
1256,17656.0
1257,17426.0
1258,16285.0
1259,17326.0
1260,17835.0
1261,11375.0
1262,18091.0
1263,17106.0
1264,10814.0
1265,18090.0
1266,15970.0
1267,17144.0
1268,16716.0
1269,14419.0
1270,15984.0
1271,15499.0
1272,16140.0
1273,15445.0
1274,16395.0
1275,14617.0
1276,14113.0
1277,17087.0
1278,15039.0
1279,14972.0
1280,14909.0
1281,14741.0
1282,16521.0
1283,16719.0
1284,15362.0
1285,17504.0
1286,17475.0
1287,15482.0
1288,17621.0
1289,16041.0
1290,15817.0
1291,16587.0
1292,17192.0
1293,16702.0
1294,14425.0
1295,16440.0
1296,16094.0
1297,14623.0
1298,15401.0
1299,16917.0
1300,16953.0
1301,17020.0
1302,17425.0
1303,16997.0
1304,16941.0
1305,14801.0
1306,16087.0
1307,16271.0
1308,13680.0
1309,15368.0
1310,15585.0
1311,16747.0
1312,16713.0
1313,15018.0
1314,16012.0
1315,16987.0
1316,15371.0
1317,16013.0
1318,16305.0
1319,15891.0
1320,14999.0
1321,17161.0
1322,15510.0
1323,17430.0
1324,16223.0
1325,15299.0
1326,16690.0
1327,17505.0
1328,15726.0
1329,16434.0
1330,15917.0
1331,16992.0
1332,15994.0
1333,15978.0
1334,16530.0
1335,15689.0
1336,14761.0
1337,13927.0
1338,16479.0
1339,13837.0
1340,16376.0
1341,16763.0
1342,16576.0
1343,16323.0
1344,15923.0
1345,15992.0
1346,14972.0
1347,16823.0
1348,16644.0
1349,15655.0
1350,16198.0
1351,16749.0
1352,18018.0
1353,15567.0
1354,18855.0
1355,18269.0
1356,16646.0
1357,16799.0
1358,17233.0
1359,16879.0
1360,16024.0
1361,16850.0
1362,16777.0
1363,16401.0
1364,15676.0
1365,17170.0
1366,15487.0
1367,16397.0
1368,17332.0
1369,16934.0
1370,16663.0
1371,16521.0
1372,15182.0
1373,17592.0
1374,15010.0
1375,16246.0
1376,16357.0
1377,14056.0
1378,17358.0
1379,15795.0
1380,17619.0
1381,16294.0
1382,16355.0
1383,16308.0
1384,14386.0
1385,15351.0
1386,15463.0
1387,14286.0
1388,16406.0
1389,15523.0
1390,15346.0
1391,17108.0
1392,13439.0
1393,15674.0
1394,16785.0
1395,12000.0
1396,16138.0
1397,16268.0
1398,16112.0
1399,15560.0
1400,16832.0
1401,15366.0
1402,14949.0
1403,16031.0
1404,15728.0
1405,15404.0
1406,15735.0
1407,15310.0
1408,15742.0
1409,16097.0
1410,14932.0
1411,16294.0
1412,15581.0
1413,15860.0
1414,15701.0
1415,15846.0
1416,16589.0
1417,14467.0
1418,15483.0
1419,15561.0
1420,16776.0
1421,15137.0
1422,12615.0
1423,16438.0
1424,16477.0
1425,13371.0
1426,17371.0
1427,16994.0
1428,16958.0
1429,16276.0
1430,15904.0
1431,16427.0
1432,15587.0
1433,14142.0
1434,15718.0
1435,15308.0
1436,16791.0
1437,15687.0
1438,14949.0
1439,16599.0
1440,15780.0
1441,15458.0
1442,16072.0
1443,16007.0
1444,15471.0
1445,16494.0
1446,14441.0
1447,16511.0
1448,16586.0
1449,16255.0
1450,14984.0
1451,16328.0
1452,15074.0
1453,17801.0
1454,15618.0
1455,15474.0
1456,16279.0
1457,17094.0
1458,16168.0
1459,15237.0
1460,15344.0
1461,15740.0
1462,16480.0
1463,15512.0
1464,16861.0
1465,16666.0
1466,16635.0
1467,15701.0
1468,16861.0
1469,16976.0
1470,15111.0
1471,16917.0
1472,17990.0
1473,15454.0
1474,17364.0
1475,16675.0
1476,17449.0
1477,15602.0
1478,15666.0
1479,17450.0
1480,15555.0
1481,17278.0
1482,15201.0
1483,16786.0
1484,15381.0
1485,14491.0
1486,15101.0
1487,16795.0
1488,17474.0
1489,15052.0
1490,17663.0
1491,14868.0
1492,14934.0
1493,16509.0
1494,14280.0
1495,16310.0
1496,16096.0
1497,14063.0
1498,16121.0
1499,16289.0
1500,15495.0
1501,15750.0
1502,16381.0
1503,15831.0
1504,16485.0
1505,15971.0
1506,15353.0
1507,17441.0
1508,13949.0
1509,16693.0
1510,17043.0
1511,13646.0
1512,16366.0
1513,17353.0
1514,16949.0
1515,17478.0
1516,16901.0
1517,18003.0
1518,16127.0
1519,16379.0
1520,15859.0
1521,15995.0
1522,15439.0
1523,15898.0
1524,15540.0
1525,16611.0
1526,15375.0
1527,16907.0
1528,16771.0
1529,15274.0
1530,15840.0
1531,14952.0
1532,12874.0
1533,15456.0
1534,14289.0
1535,15865.0
1536,15864.0
1537,16115.0
1538,17135.0
1539,16558.0
1540,15133.0
1541,15077.0
1542,17602.0
1543,16591.0
1544,14876.0
1545,17253.0
1546,17111.0
1547,15873.0
1548,17218.0
1549,16890.0
1550,16361.0
1551,16921.0
1552,16368.0
1553,16991.0
1554,16181.0
1555,15975.0
1556,17225.0
1557,16152.0
1558,16071.0
1559,17847.0
1560,15462.0
1561,17219.0
1562,17224.0
1563,16481.0
1564,16731.0
1565,17267.0
1566,16686.0
1567,14810.0
1568,15629.0
1569,16398.0
1570,15833.0
1571,14928.0
1572,16153.0
1573,16051.0
1574,17245.0
1575,17376.0
1576,16772.0
1577,17194.0
1578,17593.0
1579,15578.0
1580,15943.0
1581,16067.0
1582,16358.0
1583,16677.0
1584,15511.0
1585,17683.0
1586,16053.0
1587,16128.0
1588,16435.0
1589,16987.0
1590,15069.0
1591,15539.0
1592,16730.0
1593,14252.0
1594,17023.0
1595,17311.0
1596,16354.0
1597,17073.0
1598,17278.0
1599,16781.0
1600,16348.0
1601,16777.0
1602,17255.0
1603,17784.0
1604,17145.0
1605,17741.0
1606,17664.0
1607,16918.0
1608,16181.0
1609,16746.0
1610,17052.0
1611,15858.0
1612,16311.0
1613,16835.0
1614,16434.0
1615,15662.0
1616,16935.0
1617,16661.0
1618,12888.0
1619,15897.0
1620,16725.0
1621,15256.0
1622,16798.0
1623,15974.0
1624,16625.0
1625,16590.0
1626,16996.0
1627,17312.0
1628,15073.0
1629,16270.0
1630,16541.0
1631,14283.0
1632,16217.0
1633,15796.0
1634,14131.0
1635,16450.0
1636,15573.0
1637,14891.0
1638,16651.0
1639,15915.0
1640,15074.0
1641,17319.0
1642,16673.0
1643,16818.0
1644,16328.0
1645,15990.0
1646,15957.0
1647,15776.0
1648,15730.0
1649,16541.0
1650,16469.0
1651,14963.0
1652,16706.0
1653,16112.0
1654,14488.0
1655,14138.0
1656,16185.0
1657,17042.0
1658,14489.0
1659,16747.0
1660,16438.0
1661,14187.0
1662,16836.0
1663,16122.0
1664,17039.0
1665,16154.0
1666,16218.0
1667,15694.0
1668,16971.0
1669,15599.0
1670,16780.0
1671,17787.0
1672,15021.0
1673,15250.0
1674,17334.0
1675,14979.0
1676,15362.0
1677,16358.0
1678,16171.0
1679,15446.0
1680,15625.0
1681,16634.0
1682,16038.0
1683,15277.0
1684,16405.0
1685,15690.0
1686,17379.0
1687,17177.0
1688,16403.0
1689,16430.0
1690,16531.0
1691,15620.0
1692,14772.0
1693,15668.0
1694,15242.0
1695,16789.0
1696,15151.0
1697,16409.0
1698,15700.0
1699,14629.0
1700,15851.0
1701,15207.0
1702,14917.0
1703,15216.0
1704,16317.0
1705,15567.0
1706,15079.0
1707,16823.0
1708,17595.0
1709,17090.0
1710,16357.0
1711,16543.0
1712,17044.0
1713,17042.0
1714,15724.0
1715,17068.0
1716,16982.0
1717,15899.0
1718,16137.0
1719,17116.0
1720,17218.0
1721,15745.0
1722,16766.0
1723,17474.0
1724,14837.0
1725,14894.0
1726,15917.0
1727,15071.0
1728,14907.0
1729,14461.0
1730,14462.0
1731,15641.0
1732,14606.0
1733,13944.0
1734,16289.0
1735,16133.0
1736,15039.0
1737,16333.0
1738,16305.0
1739,14882.0
1740,16665.0
1741,17110.0
1742,15129.0
1743,17697.0
1744,16752.0
1745,15684.0
1746,16955.0
1747,15971.0
1748,16961.0
1749,16591.0
1750,16473.0
1751,15972.0
1752,15893.0
1753,16398.0
1754,15252.0
1755,16110.0
1756,15841.0
1757,16303.0
1758,16275.0
1759,14005.0
1760,15505.0
1761,14931.0
1762,14307.0
1763,14690.0
1764,15845.0
1765,14802.0
1766,16163.0
1767,15766.0
1768,15062.0
1769,16167.0
1770,16438.0
1771,15738.0
1772,16771.0
1773,16174.0
1774,15289.0
1775,15426.0
1776,16643.0
1777,16475.0
1778,13154.0
1779,15754.0
1780,15852.0
1781,15752.0
1782,16523.0
1783,15223.0
1784,15840.0
1785,15987.0
1786,14364.0
1787,15411.0
1788,14965.0
1789,13653.0
1790,16266.0
1791,14538.0
1792,14509.0
1793,14821.0
1794,15443.0
1795,14909.0
1796,14755.0
1797,16037.0
1798,16468.0
1799,16001.0
1800,15199.0
1801,15279.0
1802,15746.0
1803,16297.0
1804,14832.0
1805,17518.0
1806,17029.0
1807,16153.0
1808,17751.0
1809,16396.0
1810,17055.0
1811,17243.0
1812,16926.0
1813,17700.0
1814,17341.0
1815,16657.0
1816,15506.0
1817,16522.0
1818,16795.0
1819,16490.0
1820,15507.0
1821,16806.0
1822,17082.0
1823,16571.0
1824,16982.0
1825,16903.0
1826,13743.0
1827,17166.0
1828,15661.0
1829,14494.0
1830,15560.0
1831,13087.0
1832,14259.0
1833,17174.0
1834,16138.0
1835,15765.0
1836,17250.0
1837,15449.0
1838,15860.0
1839,16453.0
1840,14336.0
1841,15491.0
1842,15836.0
1843,17426.0
1844,16686.0
1845,16808.0
1846,17088.0
1847,16409.0
1848,16510.0
1849,16735.0
1850,16615.0
1851,16229.0
1852,16120.0
1853,16921.0
1854,15682.0
1855,15816.0
1856,16846.0
1857,15799.0
1858,18295.0
1859,15755.0
1860,16406.0
1861,16851.0
1862,17058.0
1863,15934.0
1864,16164.0
1865,16434.0
1866,17180.0
1867,14922.0
1868,14142.0
1869,16416.0
1870,16520.0
1871,15690.0
1872,15751.0
1873,17935.0
1874,17058.0
1875,16557.0
1876,17579.0
1877,15612.0
1878,15032.0
1879,17462.0
1880,17896.0
1881,14935.0
1882,17371.0
1883,16932.0
1884,15580.0
1885,16205.0
1886,15682.0
1887,16900.0
1888,16098.0
1889,16533.0
1890,15942.0
1891,16099.0
1892,17061.0
1893,15912.0
1894,17143.0
1895,16207.0
1896,17225.0
1897,17240.0
1898,15360.0
1899,16888.0
1900,17322.0
1901,16509.0
1902,17097.0
1903,14831.0
1904,16482.0
1905,17256.0
1906,13753.0
1907,14595.0
1908,15583.0
1909,15944.0
1910,14782.0
1911,17195.0
1912,17127.0
1913,16160.0
1914,16239.0
1915,16178.0
1916,15206.0
1917,16121.0
1918,16540.0
1919,13815.0
1920,16142.0
1921,15966.0
1922,15655.0
1923,15845.0
1924,14990.0
1925,16242.0
1926,17417.0
1927,15719.0
1928,16664.0
1929,17470.0
1930,16532.0
1931,15310.0
1932,15256.0
1933,15652.0
1934,14046.0
1935,15988.0
1936,14772.0
1937,16710.0
1938,16823.0
1939,15220.0
1940,14866.0
1941,16231.0
1942,15131.0
1943,16247.0
1944,16335.0
1945,16245.0
1946,14859.0
1947,16477.0
1948,16489.0
1949,16150.0
1950,16760.0
1951,16644.0
1952,16337.0
1953,17308.0
1954,17053.0
1955,16923.0
1956,17470.0
1957,15189.0
1958,17573.0
1959,15998.0
1960,14485.0
1961,16977.0
1962,15459.0
1963,15418.0
1964,15375.0
1965,13987.0
1966,15000.0
1967,15844.0
1968,15655.0
1969,15403.0
1970,15664.0
1971,16356.0
1972,15050.0
1973,14431.0
1974,14644.0
1975,13160.0
1976,13921.0
1977,16408.0
1978,13418.0
1979,15893.0
1980,17299.0
1981,12689.0
1982,14894.0
1983,14288.0
1984,14718.0
1985,14712.0
1986,14899.0
1987,16447.0
1988,16457.0
1989,15702.0
1990,16222.0
1991,14128.0
1992,16670.0
1993,16393.0
1994,14957.0
1995,16956.0
1996,16917.0
1997,16798.0
1998,15705.0
1999,17051.0
2000,15582.0
2001,15028.0
2002,16540.0
2003,14021.0
2004,13957.0
2005,15649.0
2006,14520.0
2007,14484.0
2008,17205.0
2009,16159.0
2010,16060.0
2011,17383.0
2012,17254.0
2013,15680.0
2014,17613.0
2015,17177.0
2016,15891.0
2017,17027.0
2018,15456.0
2019,15203.0
2020,16560.0
2021,12874.0
2022,14876.0
2023,15143.0
2024,14553.0
2025,16612.0
2026,16346.0
2027,16429.0
2028,15742.0
2029,15181.0
2030,15253.0
2031,16176.0
2032,15208.0
2033,15323.0
2034,16615.0
2035,16075.0
2036,15887.0
2037,16207.0
2038,16222.0
2039,14778.0
2040,16362.0
2041,14979.0
2042,14256.0
2043,15843.0
2044,16548.0
2045,17062.0
2046,15551.0
2047,17289.0
2048,15887.0
2049,15545.0
2050,15504.0
2051,14932.0
2052,15400.0
2053,14879.0
2054,14413.0
2055,16401.0
2056,15715.0
2057,15394.0
2058,16379.0
2059,16294.0
2060,14940.0
2061,16010.0
2062,14549.0
2063,14632.0
2064,14764.0
2065,14937.0
2066,16198.0
2067,16489.0
2068,17035.0
2069,16028.0
2070,16374.0
2071,15806.0
2072,16558.0
2073,16528.0
2074,15977.0
2075,15662.0
2076,15839.0
2077,14885.0
2078,14979.0
2079,14986.0
2080,13555.0
2081,14719.0
2082,16046.0
2083,14687.0
2084,16276.0
2085,15743.0
2086,15418.0
2087,16762.0
2088,15627.0
2089,16899.0
2090,16962.0
2091,15827.0
2092,16160.0
2093,15991.0
2094,14574.0
2095,15644.0
2096,13025.0
2097,14450.0
2098,14715.0
2099,15253.0
2100,16614.0
2101,15885.0
2102,15001.0
2103,15265.0
2104,14154.0
2105,13747.0
2106,15495.0
2107,16680.0
2108,16972.0
2109,16608.0
2110,16688.0
2111,15948.0
2112,15698.0
2113,14566.0
2114,15676.0
2115,16263.0
2116,16292.0
2117,15526.0
2118,17060.0
2119,15104.0
2120,17045.0
2121,16610.0
2122,15917.0
2123,15681.0
2124,16019.0
2125,15326.0
2126,16034.0
2127,16697.0
2128,16609.0
2129,16337.0
2130,16567.0
2131,17435.0
2132,17192.0
2133,16613.0
2134,16648.0
2135,16311.0
2136,15825.0
2137,16193.0
2138,15479.0
2139,16805.0
2140,15521.0
2141,15411.0
2142,15951.0
2143,16207.0
2144,16411.0
2145,16409.0
2146,17035.0
2147,16941.0
2148,16509.0
2149,17129.0
2150,17499.0
2151,17286.0
2152,15906.0
2153,16306.0
2154,15971.0
2155,14949.0
2156,16453.0
2157,14611.0
2158,16255.0
2159,14795.0
2160,14507.0
2161,15331.0
2162,16332.0
2163,15783.0
2164,16517.0
2165,15812.0
2166,15466.0
2167,16631.0
2168,15450.0
2169,15358.0
2170,16641.0
2171,16574.0
2172,17184.0
2173,16874.0
2174,15619.0
2175,16234.0
2176,13772.0
2177,14351.0
2178,14462.0
2179,14989.0
2180,16461.0
2181,16886.0
2182,17303.0
2183,16601.0
2184,17130.0
2185,14759.0
2186,17245.0
2187,15116.0
2188,13930.0
2189,16438.0
2190,14969.0
2191,14843.0
2192,14981.0
2193,13536.0
2194,14346.0
2195,14162.0
2196,15851.0
2197,14000.0
2198,15701.0
2199,14634.0
2200,16242.0
2201,15275.0
2202,15338.0
2203,17096.0
2204,16402.0
2205,16575.0
2206,16088.0
2207,14319.0
2208,16556.0
2209,15566.0
2210,15149.0
2211,17324.0
2212,16485.0
2213,16065.0
2214,16496.0
2215,16065.0
2216,16263.0
2217,14440.0
2218,14905.0
2219,14373.0
2220,13458.0
2221,15026.0
2222,15404.0
2223,14125.0
2224,14980.0
2225,15375.0
2226,15310.0
2227,14855.0
2228,15631.0
2229,15037.0
2230,14281.0
2231,15173.0
2232,16130.0
2233,16356.0
2234,17222.0
2235,17902.0
2236,17719.0
2237,18008.0
2238,16970.0
2239,17583.0
2240,15907.0
2241,15807.0
2242,15625.0
2243,16034.0
2244,15859.0
2245,16423.0
2246,15930.0
2247,14953.0
2248,15680.0
2249,16533.0
2250,16386.0
2251,16468.0
2252,16566.0
2253,16141.0
2254,15130.0
2255,15842.0
2256,14669.0
2257,15526.0
2258,14650.0
2259,15525.0
2260,16044.0
2261,15646.0
2262,15313.0
2263,16386.0
2264,15639.0
2265,16292.0
2266,17127.0
2267,17252.0
2268,16169.0
2269,16129.0
2270,15702.0
2271,16390.0
2272,15657.0
2273,16282.0
2274,16157.0
2275,15998.0
2276,16399.0
2277,16149.0
2278,16983.0
2279,16650.0
2280,16332.0
2281,15720.0
2282,15813.0
2283,15276.0
2284,15647.0
2285,16847.0
2286,16025.0
2287,17154.0
2288,17163.0
2289,17068.0
2290,17508.0
2291,17164.0
2292,16852.0
2293,17457.0
2294,15672.0
2295,16789.0
2296,16257.0
2297,16566.0
2298,16176.0
2299,16255.0
2300,15932.0
2301,16389.0
2302,15530.0
2303,15821.0
2304,16237.0
2305,15667.0
2306,17022.0
2307,16321.0
2308,15905.0
2309,16593.0
2310,16921.0
2311,16354.0
2312,16460.0
2313,16997.0
2314,15103.0
2315,16333.0
2316,15049.0
2317,13713.0
2318,15823.0
2319,14717.0
2320,15987.0
2321,15545.0
2322,14497.0
2323,16075.0
2324,16194.0
2325,16145.0
2326,17289.0
2327,16896.0
2328,14876.0
2329,16061.0
2330,14957.0
2331,14802.0
2332,16104.0
2333,16912.0
2334,17144.0
2335,17330.0
2336,17134.0
2337,16842.0
2338,16470.0
2339,16753.0
2340,16292.0
2341,16631.0
2342,16837.0
2343,16258.0
2344,16096.0
2345,16536.0
2346,15325.0
2347,15856.0
2348,15797.0
2349,15190.0
2350,15179.0
2351,16220.0
2352,15793.0
2353,15494.0
2354,15460.0
2355,15164.0
2356,16258.0
2357,15876.0
2358,15888.0
2359,15856.0
2360,15736.0
2361,17256.0
2362,16414.0
2363,16679.0
2364,17094.0
2365,16749.0
2366,16661.0
2367,16037.0
2368,16465.0
2369,15007.0
2370,14920.0
2371,16226.0
2372,14479.0
2373,16198.0
2374,16354.0
2375,16033.0
2376,17331.0
2377,16900.0
2378,16000.0
2379,16490.0
2380,14814.0
2381,16240.0
2382,15278.0
2383,15031.0
2384,16910.0
2385,16380.0
2386,16394.0
2387,17461.0
2388,16848.0
2389,16962.0
2390,17756.0
2391,16630.0
2392,17236.0
2393,16658.0
2394,16575.0
2395,16289.0
2396,17847.0
2397,17198.0
2398,15894.0
2399,16330.0
2400,16491.0
2401,16387.0
2402,15783.0
2403,16397.0
2404,16351.0
2405,16348.0
2406,16060.0
2407,16049.0
2408,16518.0
2409,15865.0
2410,16938.0
2411,15965.0
2412,15476.0
2413,17219.0
2414,16040.0
2415,17004.0
2416,16314.0
2417,16214.0
2418,15833.0
2419,16899.0
2420,16213.0
2421,16948.0
2422,15604.0
2423,16763.0
2424,14512.0
2425,15159.0
2426,16512.0
2427,15444.0
2428,16373.0
2429,15530.0
2430,16884.0
2431,16879.0
2432,16707.0
2433,13568.0
2434,16951.0
2435,12752.0
2436,13005.0
2437,16182.0
2438,14940.0
2439,16520.0
2440,15949.0
2441,16149.0
2442,17619.0
2443,17564.0
2444,17248.0
2445,17211.0
2446,16775.0
2447,16436.0
2448,15795.0
2449,15713.0
2450,15017.0
2451,15022.0
2452,15509.0
2453,14450.0
2454,15610.0
2455,15510.0
2456,16746.0
2457,15355.0
2458,15521.0
2459,14855.0
2460,16226.0
2461,15987.0
2462,15431.0
2463,17083.0
2464,16520.0
2465,16989.0
2466,15966.0
2467,16255.0
2468,16113.0
2469,16964.0
2470,16795.0
2471,17099.0
2472,16857.0
2473,16240.0
2474,16982.0
2475,15968.0
2476,16474.0
2477,15554.0
2478,16131.0
2479,15434.0
2480,15279.0
2481,16284.0
2482,16545.0
2483,16357.0
2484,16031.0
2485,16212.0
2486,15634.0
2487,16050.0
2488,17211.0
2489,16667.0
2490,16705.0
2491,15807.0
2492,16720.0
2493,16339.0
2494,16123.0
2495,16000.0
2496,15784.0
2497,16809.0
2498,17105.0
2499,16278.0
2500,16370.0
2501,16471.0
2502,16085.0
2503,15694.0
2504,17178.0
2505,17414.0
2506,17207.0
2507,15615.0
2508,17463.0
2509,14774.0
2510,15445.0
2511,16340.0
2512,15018.0
2513,15048.0
2514,15216.0
2515,14330.0
2516,15335.0
2517,13444.0
2518,14942.0
2519,15304.0
2520,14920.0
2521,15860.0
2522,16038.0
2523,16791.0
2524,15731.0
2525,16269.0
2526,17303.0
2527,16202.0
2528,16728.0
2529,16558.0
2530,15378.0
2531,15986.0
2532,16248.0
2533,14909.0
2534,15431.0
2535,17634.0
2536,17141.0
2537,16772.0
2538,16091.0
2539,16863.0
2540,16027.0
2541,16975.0
2542,16230.0
2543,14884.0
2544,16852.0
2545,15399.0
2546,15193.0
2547,16156.0
2548,15972.0
2549,15911.0
2550,16927.0
2551,17357.0
2552,17178.0
2553,16137.0
2554,15698.0
2555,15932.0
2556,16406.0
2557,15163.0
2558,15870.0
2559,16445.0
2560,16490.0
2561,16368.0
2562,15251.0
2563,17660.0
2564,16445.0
2565,15382.0
2566,16772.0
2567,16962.0
2568,17335.0
2569,18251.0
2570,16081.0
2571,16244.0
2572,17864.0
2573,16183.0
2574,15597.0
2575,16573.0
2576,16814.0
2577,15139.0
2578,16404.0
2579,15992.0
2580,16205.0
2581,17466.0
2582,16776.0
2583,16108.0
2584,18469.0
2585,15996.0
2586,14706.0
2587,15238.0
2588,15612.0
2589,16668.0
2590,16671.0
2591,16527.0
2592,15383.0
2593,17226.0
2594,14597.0
2595,15067.0
2596,15898.0
2597,16545.0
2598,17031.0
2599,17272.0
2600,15849.0
2601,16024.0
2602,16758.0
2603,16739.0
2604,15885.0
2605,16627.0
2606,17070.0
2607,15530.0
2608,16773.0
2609,15944.0
2610,17040.0
2611,14674.0
2612,13626.0
2613,16839.0
2614,16644.0
2615,16120.0
2616,15000.0
2617,17830.0
2618,15687.0
2619,16321.0
2620,16621.0
2621,16397.0
2622,14868.0
2623,18085.0
2624,15536.0
2625,14889.0
2626,16463.0
2627,16184.0
2628,16819.0
2629,14930.0
2630,16239.0
2631,15983.0
2632,16088.0
2633,15935.0
2634,15145.0
2635,14388.0
2636,15409.0
2637,16265.0
2638,14342.0
2639,15731.0
2640,15459.0
2641,14982.0
2642,16962.0
2643,16772.0
2644,15776.0
2645,16602.0
2646,15024.0
2647,16190.0
2648,15947.0
2649,16218.0
2650,16495.0
2651,16927.0
2652,16769.0
2653,17340.0
2654,15887.0
2655,15847.0
2656,17003.0
2657,15781.0
2658,16948.0
2659,16726.0
2660,16502.0
2661,17158.0
2662,17234.0
2663,17343.0
2664,17046.0
2665,15831.0
2666,16000.0
2667,16594.0
2668,16439.0
2669,16264.0
2670,16797.0
2671,17292.0
2672,16257.0
2673,16422.0
2674,17561.0
2675,17205.0
2676,16746.0
2677,16582.0
2678,16597.0
2679,16397.0
2680,16702.0
2681,16457.0
2682,16305.0
2683,15952.0
2684,17691.0
2685,16315.0
2686,15838.0
2687,17698.0
2688,17014.0
2689,16155.0
2690,16704.0
2691,16905.0
2692,17209.0
2693,17215.0
2694,17910.0
2695,17551.0
2696,16595.0
2697,17195.0
2698,17860.0
2699,16999.0
2700,16371.0
2701,17228.0
2702,17039.0
2703,15411.0
2704,16127.0
2705,16809.0
2706,16172.0
2707,15911.0
2708,16148.0
2709,15030.0
2710,15606.0
2711,14727.0
2712,15285.0
2713,16534.0
2714,16436.0
2715,16987.0
2716,17058.0
2717,17349.0
2718,16886.0
2719,16419.0
2720,15547.0
2721,16935.0
2722,16365.0
2723,15532.0
2724,15964.0
2725,15429.0
2726,15246.0
2727,15609.0
2728,15372.0
2729,14933.0
2730,15973.0
2731,15668.0
2732,14503.0
2733,15556.0
2734,15013.0
2735,15007.0
2736,15012.0
2737,15864.0
2738,16439.0
2739,17713.0
2740,16576.0
2741,16866.0
2742,17579.0
2743,16908.0
2744,16008.0
2745,16837.0
2746,15941.0
2747,15965.0
2748,15499.0
2749,15291.0
2750,16855.0
2751,16323.0
2752,15044.0
2753,15089.0
2754,15374.0
2755,16058.0
2756,15653.0
2757,14318.0
2758,17377.0
2759,17442.0
2760,17012.0
2761,16870.0
2762,17334.0
2763,16507.0
2764,17250.0
2765,16640.0
2766,17737.0
2767,16067.0
2768,16265.0
2769,16772.0
2770,16671.0
2771,15961.0
2772,16354.0
2773,17072.0
2774,16202.0
2775,16046.0
2776,16762.0
2777,16733.0
2778,16974.0
2779,17036.0
2780,16081.0
2781,16220.0
2782,16939.0
2783,16446.0
2784,16735.0
2785,15712.0
2786,15348.0
2787,15817.0
2788,15697.0
2789,16128.0
2790,16660.0
2791,17157.0
2792,16191.0
2793,16219.0
2794,17209.0
2795,16423.0
2796,16046.0
2797,16914.0
2798,16893.0
2799,16943.0
2800,17145.0
2801,16578.0
2802,16096.0
2803,17349.0
2804,15780.0
2805,16387.0
2806,16387.0
2807,16501.0
2808,16473.0
2809,16537.0
2810,16367.0
2811,16670.0
2812,15920.0
2813,16249.0
2814,16591.0
2815,16234.0
2816,16069.0
2817,16761.0
2818,16353.0
2819,15864.0
2820,16392.0
2821,15635.0
2822,15190.0
2823,15701.0
2824,16168.0
2825,14750.0
2826,15818.0
2827,15852.0
2828,16164.0
2829,15024.0
2830,14768.0
2831,14902.0
2832,16441.0
2833,17287.0
2834,15038.0
2835,15719.0
2836,16641.0
2837,16632.0
2838,15821.0
2839,15095.0
2840,17454.0
2841,16896.0
2842,15067.0
2843,16556.0
2844,16962.0
2845,15195.0
2846,15969.0
2847,16605.0
2848,17051.0
2849,17679.0
2850,17889.0
2851,15855.0
2852,16860.0
2853,17844.0
2854,17059.0
2855,15677.0
2856,16709.0
2857,17247.0
2858,16944.0
2859,18173.0
2860,17981.0
2861,17118.0
2862,17711.0
2863,16602.0
2864,17834.0
2865,17016.0
2866,17088.0
2867,17192.0
2868,17508.0
2869,16813.0
2870,16684.0
2871,16439.0
2872,16396.0
2873,15946.0
2874,15392.0
2875,14806.0
2876,16255.0
2877,15992.0
2878,15505.0
2879,16564.0
2880,16015.0
2881,16160.0
2882,14166.0
2883,14795.0
2884,15753.0
2885,14215.0
2886,14729.0
2887,16510.0
2888,15425.0
2889,15847.0
2890,16861.0
2891,15653.0
2892,16186.0
2893,15631.0
2894,15888.0
2895,15828.0
2896,14545.0
2897,14858.0
2898,15419.0
2899,15489.0
2900,15624.0
2901,15822.0
2902,15903.0
2903,15731.0
2904,14823.0
2905,15449.0
2906,16804.0
2907,16670.0
2908,15456.0
2909,15443.0
2910,16329.0
2911,16167.0
2912,16272.0
2913,16110.0
2914,16270.0
2915,16123.0
2916,15570.0
2917,16892.0
2918,15725.0
2919,14816.0
2920,16736.0
2921,17439.0
2922,16526.0
2923,17192.0
2924,17074.0
2925,16088.0
2926,16452.0
2927,16147.0
2928,16173.0
2929,16334.0
2930,15910.0
2931,15821.0
2932,14830.0
2933,16547.0
2934,13407.0
2935,13206.0
2936,16970.0
2937,16916.0
2938,16551.0
2939,17531.0
2940,17031.0
2941,15794.0
2942,16402.0
2943,16315.0
2944,15671.0
2945,14498.0
2946,14741.0
2947,15437.0
2948,15421.0
2949,16747.0
2950,15126.0
2951,15603.0
2952,17672.0
2953,16056.0
2954,14808.0
2955,16986.0
2956,15909.0
2957,13970.0
2958,15146.0
2959,15821.0
2960,15046.0
2961,14784.0
2962,16733.0
2963,17093.0
2964,16605.0
2965,16110.0
2966,15238.0
2967,16397.0
2968,15211.0
2969,15422.0
2970,15703.0
2971,15937.0
2972,16299.0
2973,16876.0
2974,16262.0
2975,16530.0
2976,17199.0
2977,16084.0
2978,17347.0
2979,15912.0
2980,16388.0
2981,18106.0
2982,15968.0
2983,15389.0
2984,17454.0
2985,15182.0
2986,15790.0
2987,17097.0
2988,16773.0
2989,16419.0
2990,16273.0
2991,15108.0
2992,16633.0
2993,14499.0
2994,13960.0
2995,15958.0
2996,14719.0
2997,14887.0
2998,15531.0
2999,16287.0
3000,14540.0
3001,14939.0
3002,17008.0
3003,16305.0
3004,15563.0
3005,15455.0
3006,16172.0
3007,15376.0
3008,15511.0
3009,16629.0
3010,16152.0
3011,15213.0
3012,15166.0
3013,16983.0
3014,15261.0
3015,15538.0
3016,16235.0
3017,15717.0
3018,16470.0
3019,16398.0
3020,15793.0
3021,17474.0
3022,16467.0
3023,15708.0
3024,15607.0
3025,15641.0
3026,15677.0
3027,14654.0
3028,16582.0
3029,15266.0
3030,15965.0
3031,15272.0
3032,15746.0
3033,15021.0
3034,15930.0
3035,15424.0
3036,16505.0
3037,15070.0
3038,14914.0
3039,13823.0
3040,16027.0
3041,16163.0
3042,15843.0
3043,15867.0
3044,17137.0
3045,15817.0
3046,16682.0
3047,17287.0
3048,15349.0
3049,14829.0
3050,15730.0
3051,16038.0
3052,15062.0
3053,15578.0
3054,15995.0
3055,14526.0
3056,15452.0
3057,14284.0
3058,15375.0
3059,15353.0
3060,15190.0
3061,16795.0
3062,16219.0
3063,16100.0
3064,16355.0
3065,16666.0
3066,16549.0
3067,16602.0
3068,16991.0
3069,16439.0
3070,15442.0
3071,15533.0
3072,15005.0
3073,14912.0
3074,16980.0
3075,15434.0
3076,16101.0
3077,16802.0
3078,14423.0
3079,16523.0
3080,15208.0
3081,15870.0
3082,15556.0
3083,16161.0
3084,17010.0
3085,16793.0
3086,17253.0
3087,16720.0
3088,15295.0
3089,17659.0
3090,15752.0
3091,16337.0
3092,16412.0
3093,17765.0
3094,16441.0
3095,15931.0
3096,16736.0
3097,15127.0
3098,15052.0
3099,16182.0
3100,16559.0
3101,15484.0
3102,17225.0
3103,16116.0
3104,16312.0
3105,15294.0
3106,14856.0
3107,14898.0
3108,14567.0
3109,13324.0
3110,14845.0
3111,14513.0
3112,12860.0
3113,15776.0
3114,14535.0
3115,14523.0
3116,15596.0
3117,16513.0
3118,15465.0
3119,15908.0
3120,16900.0
3121,15240.0
3122,17648.0
3123,15790.0
3124,15770.0
3125,16430.0
3126,16582.0
3127,15064.0
3128,16235.0
3129,16698.0
3130,16204.0
3131,15496.0
3132,15109.0
3133,16021.0
3134,14273.0
3135,16578.0
3136,15442.0
3137,16880.0
3138,16590.0
3139,15497.0
3140,16143.0
3141,15589.0
3142,15560.0
3143,15752.0
3144,17000.0
3145,16583.0
3146,16198.0
3147,16629.0
3148,16359.0
3149,15147.0
3150,15293.0
3151,15697.0
3152,14966.0
3153,16034.0
3154,16798.0
3155,16664.0
3156,17366.0
3157,16892.0
3158,16893.0
3159,16758.0
3160,16813.0
3161,16667.0
3162,16493.0
3163,16973.0
3164,16565.0
3165,17125.0
3166,16475.0
3167,16134.0
3168,16191.0
3169,16022.0
3170,16164.0
3171,16386.0
3172,17228.0
3173,17385.0
3174,16895.0
3175,17936.0
3176,15934.0
3177,17561.0
3178,14145.0
3179,16832.0
3180,14878.0
3181,16297.0
3182,16214.0
3183,14713.0
3184,15664.0
3185,15022.0
3186,14617.0
3187,15779.0
3188,15692.0
3189,16107.0
3190,16689.0
3191,16022.0
3192,16807.0
3193,15491.0
3194,15119.0
3195,17314.0
3196,15035.0
3197,16512.0
3198,15784.0
3199,16029.0
3200,15563.0
3201,15934.0
3202,16687.0
3203,14994.0
3204,17153.0
3205,15479.0
3206,17026.0
3207,15239.0
3208,17056.0
3209,14850.0
3210,16338.0
3211,16061.0
3212,15878.0
3213,15852.0
3214,16486.0
3215,16231.0
3216,16716.0
3217,16133.0
3218,16049.0
3219,16453.0
3220,15778.0
3221,15342.0
3222,15828.0
3223,15901.0
3224,16611.0
3225,15968.0
3226,15886.0
3227,16792.0
3228,16521.0
3229,15068.0
3230,16161.0
3231,14918.0
3232,16016.0
3233,16077.0
3234,15460.0
3235,17086.0
3236,16639.0
3237,16045.0
3238,16905.0
3239,15959.0
3240,15377.0
3241,15435.0
3242,15187.0
3243,14821.0
3244,16112.0
3245,16740.0
3246,17040.0
3247,17023.0
3248,17550.0
3249,15945.0
3250,16194.0
3251,15256.0
3252,15646.0
3253,15183.0
3254,16565.0
3255,16497.0
3256,16153.0
3257,17476.0
3258,15388.0
3259,16478.0
3260,15712.0
3261,16167.0
3262,17041.0
3263,14330.0
3264,16555.0
3265,15074.0
3266,16159.0
3267,15722.0
3268,15835.0
3269,16634.0
3270,16001.0
3271,15795.0
3272,15778.0
3273,16145.0
3274,16728.0
3275,17025.0
3276,16882.0
3277,16529.0
3278,16585.0
3279,16670.0
3280,13753.0
3281,14916.0
3282,14689.0
3283,14659.0
3284,14695.0
3285,15899.0
3286,16195.0
3287,15516.0
3288,15595.0
3289,15160.0
3290,16186.0
3291,14221.0
3292,15591.0
3293,17077.0
3294,16738.0
3295,17003.0
3296,15882.0
3297,16968.0
3298,15799.0
3299,15997.0
3300,16129.0
3301,15760.0
3302,15918.0
3303,16574.0
3304,15852.0
3305,16200.0
3306,15532.0
3307,13803.0
3308,16338.0
3309,12657.0
3310,16847.0
3311,12895.0
3312,17955.0
3313,15124.0
3314,17648.0
3315,15302.0
3316,17323.0
3317,15206.0
3318,17286.0
3319,17066.0
3320,15810.0
3321,17344.0
3322,16570.0
3323,17984.0
3324,16270.0
3325,17336.0
3326,15986.0
3327,16839.0
3328,15154.0
3329,16418.0
3330,15669.0
3331,16005.0
3332,16248.0
3333,15795.0
3334,15881.0
3335,15541.0
3336,16696.0
3337,13844.0
3338,16095.0
3339,14966.0
3340,15787.0
3341,16361.0
3342,16553.0
3343,16329.0
3344,15824.0
3345,16606.0
3346,15316.0
3347,16737.0
3348,15886.0
3349,16138.0
3350,16080.0
3351,17456.0
3352,15692.0
3353,15632.0
3354,14502.0
3355,15972.0
3356,15166.0
3357,15443.0
3358,15732.0
3359,16793.0
3360,16715.0
3361,16742.0
3362,14592.0
3363,17106.0
3364,15952.0
3365,16480.0
3366,15319.0
3367,16984.0
3368,17448.0
3369,15330.0
3370,16114.0
3371,15210.0
3372,15878.0
3373,15923.0
3374,16065.0
3375,15594.0
3376,15099.0
3377,15314.0
3378,14223.0
3379,13947.0
3380,14718.0
3381,13431.0
3382,15019.0
3383,13623.0
3384,16035.0
3385,15590.0
3386,14977.0
3387,16660.0
3388,16649.0
3389,16293.0
3390,16760.0
3391,16927.0
3392,16298.0
3393,16051.0
3394,16347.0
3395,16055.0
3396,15378.0
3397,15752.0
3398,15876.0
3399,14896.0
3400,15484.0
3401,15556.0
3402,16364.0
3403,16017.0
3404,15120.0
3405,15896.0
3406,15284.0
3407,16941.0
3408,15942.0
3409,15248.0
3410,16319.0
3411,17601.0
3412,16336.0
3413,16944.0
3414,16777.0
3415,16014.0
3416,16157.0
3417,16098.0
3418,15857.0
3419,15751.0
3420,17307.0
3421,17085.0
3422,16545.0
3423,16384.0
3424,17623.0
3425,16674.0
3426,16309.0
3427,16833.0
3428,17029.0
3429,15538.0
3430,15735.0
3431,16342.0
3432,17674.0
3433,16128.0
3434,16614.0
3435,17165.0
3436,16868.0
3437,16538.0
3438,17052.0
3439,16434.0
3440,16592.0
3441,16770.0
3442,16226.0
3443,15710.0
3444,16676.0
3445,15850.0
3446,15706.0
3447,15035.0
3448,15498.0
3449,15926.0
3450,15212.0
3451,16159.0
3452,14618.0
3453,16285.0
3454,16065.0
3455,16236.0
3456,16883.0
3457,16970.0
3458,14625.0
3459,14993.0
3460,15827.0
3461,16246.0
3462,15871.0
3463,16736.0
3464,15654.0
3465,17697.0
3466,16950.0
3467,17005.0
3468,15598.0
3469,16625.0
3470,15839.0
3471,16753.0
3472,15825.0
3473,17065.0
3474,16217.0
3475,17349.0
3476,15430.0
3477,17340.0
3478,15850.0
3479,17477.0
3480,16790.0
3481,16083.0
3482,17010.0
3483,16862.0
3484,15732.0
3485,17354.0
3486,15922.0
3487,17073.0
3488,16313.0
3489,15924.0
3490,17322.0
3491,14857.0
3492,16417.0
3493,15515.0
3494,15914.0
3495,15377.0
3496,15265.0
3497,16170.0
3498,16184.0
3499,16649.0
3500,15503.0
3501,14928.0
3502,16385.0
3503,14574.0
3504,13705.0
3505,13472.0
3506,14928.0
3507,14959.0
3508,15111.0
3509,13641.0
3510,16207.0
3511,16260.0
3512,16011.0
3513,16964.0
3514,15838.0
3515,16393.0
3516,15987.0
3517,16914.0
3518,14742.0
3519,17563.0
3520,15648.0
3521,16044.0
3522,15990.0
3523,14457.0
3524,15764.0
3525,15139.0
3526,16077.0
3527,15582.0
3528,16145.0
3529,15664.0
3530,16517.0
3531,17274.0
3532,16888.0
3533,16083.0
3534,16527.0
3535,16466.0
3536,16660.0
3537,16590.0
3538,16755.0
3539,16381.0
3540,16248.0
3541,16950.0
3542,17472.0
3543,15889.0
3544,16833.0
3545,17376.0
3546,16205.0
3547,15768.0
3548,15702.0
3549,15015.0
3550,16620.0
3551,14778.0
3552,15538.0
3553,16164.0
3554,14688.0
3555,16381.0
3556,14976.0
3557,15892.0
3558,16677.0
3559,15219.0
3560,16066.0
3561,16499.0
3562,15933.0
3563,16722.0
3564,16557.0
3565,17373.0
3566,17302.0
3567,16977.0
3568,16259.0
3569,16527.0
3570,15411.0
3571,16090.0
3572,15588.0
3573,14086.0
3574,15414.0
3575,15746.0
3576,16375.0
3577,16114.0
3578,15815.0
3579,14571.0
3580,16948.0
3581,14922.0
3582,14874.0
3583,15728.0
3584,16254.0
3585,15803.0
3586,16338.0
3587,16394.0
3588,14828.0
3589,17411.0
3590,15239.0
3591,15852.0
3592,16423.0
3593,15395.0
3594,15967.0
3595,15582.0
3596,14019.0
3597,15971.0
3598,15543.0
3599,14083.0
3600,15034.0
3601,14747.0
3602,13711.0
3603,16437.0
3604,16012.0
3605,15038.0
3606,16624.0
3607,14730.0
3608,16459.0
3609,15462.0
3610,15298.0
3611,17137.0
3612,15578.0
3613,17140.0
3614,16164.0
3615,16503.0
3616,16659.0
3617,15802.0
3618,15032.0
3619,15331.0
3620,15840.0
3621,16376.0
3622,16084.0
3623,15535.0
3624,16423.0
3625,17143.0
3626,16669.0
3627,16374.0
3628,16341.0
3629,15583.0
3630,15766.0
3631,15530.0
3632,15662.0
3633,15558.0
3634,15049.0
3635,14472.0
3636,15493.0
3637,15066.0
3638,16538.0
3639,15075.0
3640,13324.0
3641,17815.0
3642,16013.0
3643,16373.0
3644,16355.0
3645,14511.0
3646,17943.0
3647,16347.0
3648,16540.0
3649,16833.0
3650,16468.0
3651,16379.0
3652,17852.0
3653,16540.0
3654,17061.0
3655,17731.0
3656,16553.0
3657,17353.0
3658,16406.0
3659,16539.0
3660,16834.0
3661,16391.0
3662,15095.0
3663,16230.0
3664,15483.0
3665,14861.0
3666,16362.0
3667,14707.0
3668,15243.0
3669,16086.0
3670,14815.0
3671,15646.0
3672,15882.0
3673,16960.0
3674,15319.0
3675,15134.0
3676,16862.0
3677,16650.0
3678,15623.0
3679,16666.0
3680,15909.0
3681,16042.0
3682,16606.0
3683,15961.0
3684,15301.0
3685,16039.0
3686,16782.0
3687,14409.0
3688,15504.0
3689,16464.0
3690,14900.0
3691,16239.0
3692,14538.0
3693,16524.0
3694,16404.0
3695,16683.0
3696,17128.0
3697,16019.0
3698,15076.0
3699,16383.0
3700,16648.0
3701,14626.0
3702,16553.0
3703,14321.0
3704,14865.0
3705,16551.0
3706,15139.0
3707,17108.0
3708,16087.0
3709,15719.0
3710,16877.0
3711,16667.0
3712,16710.0
3713,16327.0
3714,16570.0
3715,16677.0
3716,16489.0
3717,16572.0
3718,16568.0
3719,16311.0
3720,15401.0
3721,15695.0
3722,16244.0
3723,15737.0
3724,16605.0
3725,16088.0
3726,15917.0
3727,15892.0
3728,16347.0
3729,16603.0
3730,16269.0
3731,16626.0
3732,16462.0
3733,16088.0
3734,16893.0
3735,16632.0
3736,15829.0
3737,16436.0
3738,15666.0
3739,16579.0
3740,16511.0
3741,14837.0
3742,17562.0
3743,15920.0
3744,15566.0
3745,16745.0
3746,16646.0
3747,16919.0
3748,16821.0
3749,16609.0
3750,16093.0
3751,16542.0
3752,15733.0
3753,14116.0
3754,16882.0
3755,14499.0
3756,14126.0
3757,15277.0
3758,12739.0
3759,16878.0
3760,15145.0
3761,16263.0
3762,15921.0
3763,15852.0
3764,16174.0
3765,15698.0
3766,15651.0
3767,15174.0
3768,15857.0
3769,15357.0
3770,14471.0
3771,15273.0
3772,15229.0
3773,15370.0
3774,15327.0
3775,16420.0
3776,15227.0
3777,16383.0
3778,16292.0
3779,17110.0
3780,16651.0
3781,17605.0
3782,17048.0
3783,16365.0
3784,16851.0
3785,16625.0
3786,16333.0
3787,16556.0
3788,16112.0
3789,15725.0
3790,15578.0
3791,16178.0
3792,17223.0
3793,14202.0
3794,16760.0
3795,16477.0
3796,14734.0
3797,16400.0
3798,16151.0
3799,16203.0
3800,15779.0
3801,17019.0
3802,15759.0
3803,16915.0
3804,17274.0
3805,16335.0
3806,16778.0
3807,16121.0
3808,16455.0
3809,15277.0
3810,15155.0
3811,14934.0
3812,14915.0
3813,15435.0
3814,14897.0
3815,15570.0
3816,15664.0
3817,16605.0
3818,15458.0
3819,16498.0
3820,16973.0
3821,16678.0
3822,16538.0
3823,16596.0
3824,16791.0
3825,16014.0
3826,16041.0
3827,16618.0
3828,16176.0
3829,16213.0
3830,15487.0
3831,16873.0
3832,16101.0
3833,16488.0
3834,16942.0
3835,17058.0
3836,15041.0
3837,16131.0
3838,15640.0
3839,16395.0
3840,14885.0
3841,16815.0
3842,16672.0
3843,15138.0
3844,16902.0
3845,17088.0
3846,16902.0
3847,17014.0
3848,16384.0
3849,16848.0
3850,15759.0
3851,17148.0
3852,17216.0
3853,15119.0
3854,16813.0
3855,16398.0
3856,16514.0
3857,15420.0
3858,15997.0
3859,16999.0
3860,15614.0
3861,16347.0
3862,15849.0
3863,16817.0
3864,15911.0
3865,17156.0
3866,18126.0
3867,16633.0
3868,17662.0
3869,17281.0
3870,16558.0
3871,17827.0
3872,16958.0
3873,18002.0
3874,17598.0
3875,16886.0
3876,18139.0
3877,17067.0
3878,17112.0
3879,15680.0
3880,16496.0
3881,16019.0
3882,16068.0
3883,15998.0
3884,14875.0
3885,16051.0
3886,16614.0
3887,16735.0
3888,16215.0
3889,16836.0
3890,17429.0
3891,16232.0
3892,16926.0
3893,18272.0
3894,15769.0
3895,17086.0
3896,17241.0
3897,15723.0
3898,16726.0
3899,16590.0
3900,16689.0
3901,16438.0
3902,16160.0
3903,16691.0
3904,16726.0
3905,15389.0
3906,17132.0
3907,16478.0
3908,15259.0
3909,16844.0
3910,16240.0
3911,15162.0
3912,16545.0
3913,16239.0
3914,15360.0
3915,15470.0
3916,15372.0
3917,16443.0
3918,15767.0
3919,16324.0
3920,16209.0
3921,16678.0
3922,16168.0
3923,16561.0
3924,14907.0
3925,16581.0
3926,15607.0
3927,13777.0
3928,15755.0
3929,15170.0
3930,15474.0
3931,14953.0
3932,16734.0
3933,17016.0
3934,14890.0
3935,16845.0
3936,14844.0
3937,17540.0
3938,17172.0
3939,16457.0
3940,16995.0
3941,16174.0
3942,16199.0
3943,17130.0
3944,16960.0
3945,17210.0
3946,16230.0
3947,15544.0
3948,16724.0
3949,16264.0
3950,14985.0
3951,16006.0
3952,15474.0
3953,16996.0
3954,15550.0
3955,17079.0
3956,17021.0
3957,16300.0
3958,15952.0
3959,16004.0
3960,15498.0
3961,15773.0
3962,16368.0
3963,15140.0
3964,16200.0
3965,14499.0
3966,15670.0
3967,15591.0
3968,16649.0
3969,16018.0
3970,14811.0
3971,15493.0
3972,14626.0
3973,17213.0
3974,16110.0
3975,15866.0
3976,14438.0
3977,15543.0
3978,16883.0
3979,15095.0
3980,16850.0
3981,15517.0
3982,15828.0
3983,17491.0
3984,16594.0
3985,16425.0
3986,17288.0
3987,16268.0
3988,15772.0
3989,16084.0
3990,16529.0
3991,13342.0
3992,16223.0
3993,15342.0
3994,15330.0
3995,16223.0
3996,15503.0
3997,15935.0
3998,15701.0
3999,17083.0
4000,16702.0
4001,15755.0
4002,15909.0
4003,14709.0
4004,16222.0
4005,15845.0
4006,16194.0
4007,16414.0
4008,15901.0
4009,16517.0
4010,15471.0
4011,17329.0
4012,16458.0
4013,16674.0
4014,17012.0
4015,16547.0
4016,17094.0
4017,16197.0
4018,16109.0
4019,16774.0
4020,15879.0
4021,17957.0
4022,15774.0
4023,15628.0
4024,17424.0
4025,15429.0
4026,16412.0
4027,16139.0
4028,16552.0
4029,16702.0
4030,16075.0
4031,15626.0
4032,15609.0
4033,14632.0
4034,16468.0
4035,13531.0
4036,15883.0
4037,14092.0
4038,16048.0
4039,15326.0
4040,15574.0
4041,16496.0
4042,16557.0
4043,14944.0
4044,16790.0
4045,16231.0
4046,15270.0
4047,16794.0
4048,16045.0
4049,14208.0
4050,16841.0
4051,15379.0
4052,15864.0
4053,15488.0
4054,15447.0
4055,17040.0
4056,15826.0
4057,15592.0
4058,16838.0
4059,16456.0
4060,16210.0
4061,15502.0
4062,16044.0
4063,15545.0
4064,16321.0
4065,15961.0
4066,15062.0
4067,14524.0
4068,16695.0
4069,16464.0
4070,15087.0
4071,16025.0
4072,14537.0
4073,16187.0
4074,17180.0
4075,14667.0
4076,16181.0
4077,15568.0
4078,15941.0
4079,16112.0
4080,14726.0
4081,15386.0
4082,15581.0
4083,16049.0
4084,15446.0
4085,16265.0
4086,16028.0
4087,16462.0
4088,15825.0
4089,16574.0
4090,14931.0
4091,16352.0
4092,17217.0
4093,14652.0
4094,16801.0
4095,15121.0
4096,15103.0
4097,17474.0
4098,16029.0
4099,15272.0
4100,16555.0
4101,15820.0
4102,15859.0
4103,17102.0
4104,15374.0
4105,17125.0
4106,16856.0
4107,16475.0
4108,17010.0
4109,15483.0
4110,16097.0
4111,16262.0
4112,15842.0
4113,15490.0
4114,16713.0
4115,15682.0
4116,15943.0
4117,16861.0
4118,15718.0
4119,16357.0
4120,15794.0
4121,15661.0
4122,16256.0
4123,16508.0
4124,14944.0
4125,16279.0
4126,16074.0
4127,15992.0
4128,16376.0
4129,17195.0
4130,17535.0
4131,17157.0
4132,16938.0
4133,16714.0
4134,16227.0
4135,17712.0
4136,15525.0
4137,16896.0
4138,16430.0
4139,16044.0
4140,15276.0
4141,15327.0
4142,16397.0
4143,16268.0
4144,15385.0
4145,16434.0
4146,15235.0
4147,15518.0
4148,16894.0
4149,15561.0
4150,15972.0
4151,14740.0
4152,15216.0
4153,16270.0
4154,15136.0
4155,15036.0
4156,15749.0
4157,14748.0
4158,15437.0
4159,15180.0
4160,15291.0
4161,15875.0
4162,14962.0
4163,14854.0
4164,14361.0
4165,16491.0
4166,16130.0
4167,15892.0
4168,16480.0
4169,15919.0
4170,18034.0
4171,16988.0
4172,16282.0
4173,18445.0
4174,16339.0
4175,18502.0
4176,17674.0
4177,18127.0
4178,18627.0
4179,18000.0
4180,17228.0
4181,17261.0
4182,17132.0
4183,15820.0
4184,14423.0
4185,16242.0
4186,16539.0
4187,14768.0
4188,15373.0
4189,12805.0
4190,17251.0
4191,16523.0
4192,15441.0
4193,15796.0
4194,14543.0
4195,15451.0
4196,10927.0
4197,14448.0
4198,14106.0
4199,20704.0
4200,22746.0
